DateTime,Open,High,Low,Close,Volume
2023-04-13 12:00:00+00:00,2059.60009765625,2063.39990234375,2048.0,2053.199951171875,39128
2023-04-13 16:00:00+00:00,2053.300048828125,2058.800048828125,2051.10009765625,2054.699951171875,24855
2023-04-13 20:00:00+00:00,2054.699951171875,2055.39990234375,2053.10009765625,2054.10009765625,3055
2023-04-14 00:00:00+00:00,2054.10009765625,2061.60009765625,2053.0,2059.199951171875,15603
2023-04-14 04:00:00+00:00,2059.39990234375,2061.0,2050.89990234375,2053.39990234375,19234
2023-04-14 08:00:00+00:00,2053.39990234375,2056.39990234375,2045.800048828125,2047.5,32194
2023-04-14 12:00:00+00:00,2047.5,2055.0,2007.0,2009.199951171875,146062
2023-04-14 16:00:00+00:00,2009.300048828125,2021.4000244140625,2006.0,2019.0999755859373,42000
2023-04-14 20:00:00+00:00,2019.0,2019.4000244140625,2017.4000244140625,2017.699951171875,2236
2023-04-16 20:00:00+00:00,2014.0999755859373,2018.5,2010.0,2015.5999755859373,4475
2023-04-17 00:00:00+00:00,2015.699951171875,2019.0999755859373,2008.199951171875,2017.199951171875,15117
2023-04-17 04:00:00+00:00,2017.199951171875,2028.0,2016.4000244140625,2023.9000244140625,25032
2023-04-17 08:00:00+00:00,2023.800048828125,2025.800048828125,2018.0,2022.4000244140625,20428
2023-04-17 12:00:00+00:00,2022.4000244140625,2023.9000244140625,1993.4000244140625,2002.699951171875,87126
2023-04-17 16:00:00+00:00,2002.699951171875,2009.699951171875,1999.9000244140625,2008.699951171875,23949
2023-04-17 20:00:00+00:00,2008.699951171875,2008.9000244140625,2006.199951171875,2006.300048828125,2672
2023-04-18 00:00:00+00:00,2006.199951171875,2013.800048828125,2005.5999755859373,2012.199951171875,14787
2023-04-18 04:00:00+00:00,2012.300048828125,2016.300048828125,2008.9000244140625,2014.5,15739
2023-04-18 08:00:00+00:00,2014.5999755859373,2018.0,2011.5999755859373,2016.4000244140625,22037
2023-04-18 12:00:00+00:00,2016.4000244140625,2024.5999755859373,2003.300048828125,2021.199951171875,86855
2023-04-18 16:00:00+00:00,2021.0999755859373,2021.199951171875,2016.0,2016.9000244140625,18457
2023-04-18 20:00:00+00:00,2016.9000244140625,2018.4000244140625,2016.800048828125,2017.699951171875,2332
2023-04-19 00:00:00+00:00,2017.800048828125,2020.300048828125,2014.199951171875,2015.699951171875,15147
2023-04-19 04:00:00+00:00,2015.800048828125,2016.800048828125,1998.800048828125,2002.9000244140625,30723
2023-04-19 08:00:00+00:00,2003.0999755859373,2003.0999755859373,1980.9000244140625,1982.4000244140625,59125
2023-04-19 12:00:00+00:00,1982.300048828125,2008.5999755859373,1981.4000244140625,2002.9000244140625,82664
2023-04-19 16:00:00+00:00,2002.9000244140625,2009.0999755859373,2002.4000244140625,2006.9000244140625,22465
2023-04-19 20:00:00+00:00,2006.699951171875,2007.800048828125,2005.0,2005.4000244140625,3442
2023-04-20 00:00:00+00:00,2005.5999755859373,2010.4000244140625,2002.199951171875,2004.300048828125,15302
2023-04-20 04:00:00+00:00,2004.5,2013.699951171875,2002.699951171875,2008.800048828125,20605
2023-04-20 08:00:00+00:00,2008.699951171875,2017.199951171875,2003.5,2012.5,27368
2023-04-20 12:00:00+00:00,2012.699951171875,2024.199951171875,2008.800048828125,2013.9000244140625,71135
2023-04-20 16:00:00+00:00,2014.0,2019.800048828125,2013.5999755859373,2014.699951171875,20415
2023-04-20 20:00:00+00:00,2014.699951171875,2017.4000244140625,2013.4000244140625,2016.5,3771
2023-04-21 00:00:00+00:00,2016.5,2016.699951171875,2011.199951171875,2013.4000244140625,11155
2023-04-21 04:00:00+00:00,2013.5,2013.699951171875,1992.5999755859373,1997.5999755859373,37121
2023-04-21 08:00:00+00:00,1997.5999755859373,2004.0,1995.0999755859373,1998.9000244140625,27042
2023-04-21 12:00:00+00:00,1998.9000244140625,2009.300048828125,1982.5999755859373,1986.5999755859373,100609
2023-04-21 16:00:00+00:00,1986.699951171875,1993.5,1984.699951171875,1993.199951171875,23707
2023-04-21 20:00:00+00:00,1993.0999755859373,1994.199951171875,1992.4000244140625,1994.0999755859373,2157
2023-04-23 20:00:00+00:00,1992.0,1995.800048828125,1991.199951171875,1994.9000244140625,2551
2023-04-24 00:00:00+00:00,1994.800048828125,1995.0,1988.199951171875,1990.9000244140625,13104
2023-04-24 04:00:00+00:00,1990.9000244140625,1993.800048828125,1986.9000244140625,1993.199951171875,17699
2023-04-24 08:00:00+00:00,1993.199951171875,1997.5,1991.199951171875,1993.5,21369
2023-04-24 12:00:00+00:00,1993.5999755859373,1998.0,1984.4000244140625,1995.0999755859373,57247
2023-04-24 16:00:00+00:00,1995.199951171875,2001.5,1994.9000244140625,1998.9000244140625,23034
2023-04-24 20:00:00+00:00,1999.0,2006.800048828125,1998.5,2005.0999755859373,4931
2023-04-25 00:00:00+00:00,2005.199951171875,2011.4000244140625,2002.699951171875,2002.9000244140625,19340
2023-04-25 04:00:00+00:00,2002.800048828125,2007.800048828125,1997.800048828125,2000.5,20305
2023-04-25 08:00:00+00:00,2000.5999755859373,2001.300048828125,1986.800048828125,1987.800048828125,35816
2023-04-25 12:00:00+00:00,1987.800048828125,2005.199951171875,1986.199951171875,2000.5,83320
2023-04-25 16:00:00+00:00,2000.5999755859373,2014.5,1998.800048828125,2009.5,47443
2023-04-25 20:00:00+00:00,2009.4000244140625,2011.5,2006.300048828125,2010.199951171875,4495
2023-04-26 00:00:00+00:00,2010.300048828125,2012.300048828125,2003.5,2005.0,31329
2023-04-26 04:00:00+00:00,2004.5999755859373,2009.699951171875,2004.300048828125,2008.4000244140625,17439
2023-04-26 08:00:00+00:00,2008.4000244140625,2012.0999755859373,2001.300048828125,2005.800048828125,25524
2023-04-26 12:00:00+00:00,2005.800048828125,2020.199951171875,2001.300048828125,2001.4000244140625,98534
2023-04-26 16:00:00+00:00,2001.4000244140625,2002.4000244140625,1993.699951171875,1998.0999755859373,52744
2023-04-26 20:00:00+00:00,1998.0,2001.0,1997.199951171875,2000.699951171875,2919
2023-04-27 00:00:00+00:00,2000.5999755859373,2009.699951171875,1998.199951171875,2008.4000244140625,17986
2023-04-27 04:00:00+00:00,2008.699951171875,2012.4000244140625,2006.300048828125,2008.4000244140625,19280
2023-04-27 08:00:00+00:00,2008.4000244140625,2010.5999755859373,2004.9000244140625,2006.0999755859373,18482
2023-04-27 12:00:00+00:00,2006.199951171875,2013.300048828125,1982.0,1991.4000244140625,110954
2023-04-27 16:00:00+00:00,1991.4000244140625,2000.4000244140625,1990.199951171875,1997.4000244140625,26832
2023-04-27 20:00:00+00:00,1997.5,1997.9000244140625,1995.4000244140625,1996.0999755859373,2782
2023-04-28 00:00:00+00:00,1996.0999755859373,2000.0999755859373,1993.9000244140625,1997.4000244140625,13712
2023-04-28 04:00:00+00:00,1997.699951171875,1999.0999755859373,1989.5999755859373,1991.199951171875,20408
2023-04-28 08:00:00+00:00,1991.199951171875,1993.9000244140625,1988.300048828125,1992.0999755859373,21533
2023-04-28 12:00:00+00:00,1992.0999755859373,2004.0999755859373,1984.4000244140625,2000.800048828125,82086
2023-04-28 16:00:00+00:00,2000.699951171875,2003.199951171875,1996.300048828125,1998.300048828125,25200
2023-04-28 20:00:00+00:00,1998.300048828125,1999.5999755859373,1997.0,1999.4000244140625,1693
2023-04-30 20:00:00+00:00,2000.199951171875,2000.699951171875,1995.300048828125,1995.5999755859373,2591
2023-05-01 00:00:00+00:00,1995.5999755859373,1996.0,1989.5,1992.0,10321
2023-05-01 04:00:00+00:00,1992.0999755859373,1994.800048828125,1987.300048828125,1989.5,14633
2023-05-01 08:00:00+00:00,1989.300048828125,1999.0999755859373,1985.699951171875,1998.0999755859373,18940
2023-05-01 12:00:00+00:00,1998.0999755859373,2015.4000244140625,1989.0999755859373,1991.5999755859373,94899
2023-05-01 16:00:00+00:00,1991.5999755859373,1992.699951171875,1988.0,1988.300048828125,25005
2023-05-01 20:00:00+00:00,1988.5,1992.0,1988.300048828125,1990.0999755859373,3843
2023-05-02 00:00:00+00:00,1990.199951171875,1994.0999755859373,1989.9000244140625,1990.5,11242
2023-05-02 04:00:00+00:00,1990.5,1994.4000244140625,1988.800048828125,1989.800048828125,16377
2023-05-02 08:00:00+00:00,1989.800048828125,1998.9000244140625,1986.9000244140625,1995.199951171875,27884
2023-05-02 12:00:00+00:00,1995.0999755859373,2024.9000244140625,1993.0999755859373,2023.699951171875,124299
2023-05-02 16:00:00+00:00,2023.800048828125,2028.800048828125,2020.5999755859373,2027.4000244140625,52523
2023-05-02 20:00:00+00:00,2027.300048828125,2027.4000244140625,2024.699951171875,2025.0999755859373,4191
2023-05-03 00:00:00+00:00,2025.0,2027.5,2023.300048828125,2027.199951171875,8281
2023-05-03 04:00:00+00:00,2027.199951171875,2028.9000244140625,2021.5,2023.5999755859373,13341
2023-05-03 08:00:00+00:00,2023.699951171875,2026.5,2023.199951171875,2024.800048828125,24729
2023-05-03 12:00:00+00:00,2024.800048828125,2036.0,2016.0,2032.5999755859373,80562
2023-05-03 16:00:00+00:00,2032.5999755859373,2045.4000244140625,2025.800048828125,2044.300048828125,86587
2023-05-03 20:00:00+00:00,2044.199951171875,2085.39990234375,2037.0,2060.0,12262
2023-05-04 00:00:00+00:00,2060.0,2065.0,2047.300048828125,2049.699951171875,23875
2023-05-04 04:00:00+00:00,2049.699951171875,2053.800048828125,2040.5,2042.5999755859373,27454
2023-05-04 08:00:00+00:00,2042.5,2053.0,2039.300048828125,2050.199951171875,25882
2023-05-04 12:00:00+00:00,2050.199951171875,2068.10009765625,2040.300048828125,2059.300048828125,147688
2023-05-04 16:00:00+00:00,2059.300048828125,2062.5,2052.60009765625,2057.800048828125,52569
2023-05-04 20:00:00+00:00,2057.800048828125,2059.300048828125,2055.699951171875,2058.0,3764
2023-05-05 00:00:00+00:00,2058.0,2061.300048828125,2053.800048828125,2058.199951171875,13993
2023-05-05 04:00:00+00:00,2057.89990234375,2059.199951171875,2047.4000244140625,2048.60009765625,16422
2023-05-05 08:00:00+00:00,2048.60009765625,2050.0,2042.699951171875,2043.5,28294
2023-05-05 12:00:00+00:00,2043.4000244140625,2046.4000244140625,2007.0,2022.699951171875,161550
2023-05-05 16:00:00+00:00,2022.800048828125,2026.699951171875,2020.5999755859373,2025.699951171875,36274
2023-05-05 20:00:00+00:00,2025.5999755859373,2026.9000244140625,2023.699951171875,2024.9000244140625,2778
2023-05-07 20:00:00+00:00,2024.5999755859373,2026.4000244140625,2022.0,2023.699951171875,3061
2023-05-08 00:00:00+00:00,2023.699951171875,2031.5999755859373,2022.5999755859373,2030.800048828125,11239
2023-05-08 04:00:00+00:00,2030.800048828125,2032.300048828125,2027.800048828125,2028.9000244140625,11544
2023-05-08 08:00:00+00:00,2028.800048828125,2033.199951171875,2027.300048828125,2029.699951171875,22454
2023-05-08 12:00:00+00:00,2029.699951171875,2037.0999755859373,2025.300048828125,2034.800048828125,66102
2023-05-08 16:00:00+00:00,2035.300048828125,2037.0999755859373,2027.4000244140625,2027.5999755859373,47177
2023-05-08 20:00:00+00:00,2027.699951171875,2029.5,2027.199951171875,2028.199951171875,3737
2023-05-09 00:00:00+00:00,2028.300048828125,2032.300048828125,2026.4000244140625,2032.0999755859373,8696
2023-05-09 04:00:00+00:00,2032.4000244140625,2036.0,2028.0,2031.5999755859373,18775
2023-05-09 08:00:00+00:00,2031.699951171875,2040.300048828125,2028.300048828125,2038.4000244140625,26811
2023-05-09 12:00:00+00:00,2038.5,2039.5,2030.300048828125,2034.0999755859373,57860
2023-05-09 16:00:00+00:00,2034.199951171875,2045.0999755859373,2034.0999755859373,2041.800048828125,65823
2023-05-09 20:00:00+00:00,2041.800048828125,2044.199951171875,2041.5,2043.300048828125,2474
2023-05-10 00:00:00+00:00,2043.4000244140625,2045.300048828125,2037.5,2038.5999755859373,10179
2023-05-10 04:00:00+00:00,2038.699951171875,2040.0,2034.300048828125,2038.699951171875,16617
2023-05-10 08:00:00+00:00,2038.800048828125,2039.0,2033.199951171875,2036.199951171875,16763
2023-05-10 12:00:00+00:00,2036.300048828125,2056.0,2028.300048828125,2031.9000244140625,149829
2023-05-10 16:00:00+00:00,2032.0,2041.0999755859373,2031.4000244140625,2037.699951171875,44882
2023-05-10 20:00:00+00:00,2037.800048828125,2038.4000244140625,2035.9000244140625,2037.699951171875,1753
2023-05-11 00:00:00+00:00,2037.699951171875,2042.5,2037.0999755859373,2038.4000244140625,10109
2023-05-11 04:00:00+00:00,2038.5999755859373,2039.199951171875,2027.5999755859373,2031.5999755859373,21071
2023-05-11 08:00:00+00:00,2031.5,2045.4000244140625,2026.9000244140625,2043.0,40301
2023-05-11 12:00:00+00:00,2043.0,2047.5999755859373,2016.699951171875,2019.300048828125,141650
2023-05-11 16:00:00+00:00,2019.199951171875,2024.0,2018.5,2019.9000244140625,59377
2023-05-11 20:00:00+00:00,2019.9000244140625,2021.699951171875,2019.300048828125,2021.5,2933
2023-05-12 00:00:00+00:00,2021.5,2022.699951171875,2013.800048828125,2016.300048828125,18923
2023-05-12 04:00:00+00:00,2016.5,2017.800048828125,2010.5999755859373,2013.9000244140625,22819
2023-05-12 08:00:00+00:00,2013.9000244140625,2014.800048828125,2005.699951171875,2009.5999755859373,32386
2023-05-12 12:00:00+00:00,2009.5999755859373,2027.800048828125,2008.199951171875,2014.4000244140625,96512
2023-05-12 16:00:00+00:00,2014.4000244140625,2021.5,2013.300048828125,2016.4000244140625,39413
2023-05-12 20:00:00+00:00,2016.300048828125,2016.800048828125,2015.300048828125,2015.5999755859373,1824
2023-05-14 20:00:00+00:00,2013.4000244140625,2016.199951171875,2011.199951171875,2014.199951171875,2826
2023-05-15 00:00:00+00:00,2014.199951171875,2024.0,2013.4000244140625,2018.300048828125,12957
2023-05-15 04:00:00+00:00,2018.5,2024.800048828125,2017.800048828125,2023.0999755859373,22074
2023-05-15 08:00:00+00:00,2023.0,2025.5999755859373,2016.5999755859373,2017.800048828125,22010
2023-05-15 12:00:00+00:00,2017.699951171875,2027.5,2016.0999755859373,2022.699951171875,71665
2023-05-15 16:00:00+00:00,2022.699951171875,2026.5999755859373,2019.5,2020.0,26254
2023-05-15 20:00:00+00:00,2020.0999755859373,2021.5999755859373,2018.5999755859373,2019.0999755859373,2560
2023-05-16 00:00:00+00:00,2019.199951171875,2022.699951171875,2018.800048828125,2021.199951171875,7918
2023-05-16 04:00:00+00:00,2021.199951171875,2022.0,2007.0,2014.300048828125,33076
2023-05-16 08:00:00+00:00,2014.300048828125,2014.5999755859373,2009.5,2009.800048828125,17707
2023-05-16 12:00:00+00:00,2009.9000244140625,2019.4000244140625,1998.300048828125,1999.9000244140625,100895
2023-05-16 16:00:00+00:00,1999.9000244140625,2000.9000244140625,1989.0999755859373,1993.699951171875,60345
2023-05-16 20:00:00+00:00,1993.800048828125,1995.0,1992.0,1993.5999755859373,2882
2023-05-17 00:00:00+00:00,1993.699951171875,1997.0,1993.5,1994.9000244140625,13494
2023-05-17 04:00:00+00:00,1994.800048828125,1995.699951171875,1990.300048828125,1991.199951171875,19973
2023-05-17 08:00:00+00:00,1991.199951171875,1992.800048828125,1986.800048828125,1991.199951171875,42665
2023-05-17 12:00:00+00:00,1991.199951171875,1991.800048828125,1978.0999755859373,1984.0,92632
2023-05-17 16:00:00+00:00,1984.0999755859373,1988.300048828125,1983.5999755859373,1986.9000244140625,28268
2023-05-17 20:00:00+00:00,1986.800048828125,1987.199951171875,1984.5999755859373,1985.9000244140625,2072
2023-05-18 00:00:00+00:00,1985.800048828125,1988.800048828125,1984.0,1985.0999755859373,10612
2023-05-18 04:00:00+00:00,1985.0999755859373,1985.0999755859373,1976.0,1977.0,25677
2023-05-18 08:00:00+00:00,1977.0999755859373,1981.5,1974.5999755859373,1976.800048828125,26355
2023-05-18 12:00:00+00:00,1976.9000244140625,1978.5,1954.4000244140625,1958.699951171875,123956
2023-05-18 16:00:00+00:00,1958.699951171875,1961.800048828125,1956.5,1960.0999755859373,31780
2023-05-18 20:00:00+00:00,1960.0999755859373,1961.9000244140625,1959.5,1961.0,1580
2023-05-19 00:00:00+00:00,1960.800048828125,1965.800048828125,1956.300048828125,1965.300048828125,15018
2023-05-19 04:00:00+00:00,1965.5,1971.300048828125,1962.699951171875,1969.0,22077
2023-05-19 08:00:00+00:00,1969.0,1970.4000244140625,1964.5,1965.9000244140625,20058
2023-05-19 12:00:00+00:00,1965.800048828125,1987.4000244140625,1958.9000244140625,1977.300048828125,121424
2023-05-19 16:00:00+00:00,1977.4000244140625,1986.0,1975.4000244140625,1978.300048828125,46020
2023-05-19 20:00:00+00:00,1978.300048828125,1981.5999755859373,1977.5,1979.9000244140625,2542
2023-05-21 20:00:00+00:00,1979.4000244140625,1983.5999755859373,1979.4000244140625,1983.0,2957
2023-05-22 00:00:00+00:00,1983.0999755859373,1984.4000244140625,1978.199951171875,1979.699951171875,12065
2023-05-22 04:00:00+00:00,1979.699951171875,1980.699951171875,1973.0999755859373,1978.9000244140625,15725
2023-05-22 08:00:00+00:00,1979.0,1984.800048828125,1970.800048828125,1974.800048828125,32617
2023-05-22 12:00:00+00:00,1974.800048828125,1980.800048828125,1970.699951171875,1974.5999755859373,74041
2023-05-22 16:00:00+00:00,1974.5999755859373,1981.0999755859373,1973.5999755859373,1974.0999755859373,23115
2023-05-22 20:00:00+00:00,1974.0999755859373,1974.5999755859373,1971.300048828125,1971.5,2353
2023-05-23 00:00:00+00:00,1971.5,1973.5999755859373,1962.0,1964.5999755859373,17946
2023-05-23 04:00:00+00:00,1964.5,1966.300048828125,1957.300048828125,1958.9000244140625,23830
2023-05-23 08:00:00+00:00,1958.9000244140625,1963.0,1955.800048828125,1960.699951171875,30983
2023-05-23 12:00:00+00:00,1960.5999755859373,1975.699951171875,1959.4000244140625,1969.4000244140625,91818
2023-05-23 16:00:00+00:00,1969.300048828125,1980.0,1968.300048828125,1976.9000244140625,38789
2023-05-23 20:00:00+00:00,1976.9000244140625,1979.0999755859373,1976.4000244140625,1976.9000244140625,3543
2023-05-24 00:00:00+00:00,1976.9000244140625,1978.9000244140625,1974.699951171875,1978.199951171875,10588
2023-05-24 04:00:00+00:00,1978.4000244140625,1982.5999755859373,1972.5999755859373,1976.0,21927
2023-05-24 08:00:00+00:00,1975.800048828125,1984.699951171875,1974.800048828125,1984.4000244140625,25766
2023-05-24 12:00:00+00:00,1984.4000244140625,1987.9000244140625,1962.0999755859373,1964.800048828125,107197
2023-05-24 16:00:00+00:00,1964.9000244140625,1967.4000244140625,1958.4000244140625,1961.199951171875,54699
2023-05-24 20:00:00+00:00,1961.300048828125,1963.0999755859373,1958.5999755859373,1961.0,4399
2023-05-25 00:00:00+00:00,1960.9000244140625,1961.0999755859373,1955.5,1957.800048828125,13239
2023-05-25 04:00:00+00:00,1957.699951171875,1961.5999755859373,1955.0,1960.0,17507
2023-05-25 08:00:00+00:00,1960.0,1965.4000244140625,1959.800048828125,1962.5999755859373,34229
2023-05-25 12:00:00+00:00,1962.5999755859373,1963.800048828125,1939.199951171875,1945.800048828125,134529
2023-05-25 16:00:00+00:00,1945.800048828125,1947.300048828125,1939.0,1940.5999755859373,39274
2023-05-25 20:00:00+00:00,1940.5,1943.4000244140625,1939.5999755859373,1940.5999755859373,4957
2023-05-26 00:00:00+00:00,1940.699951171875,1948.699951171875,1936.0,1948.4000244140625,14268
2023-05-26 04:00:00+00:00,1948.4000244140625,1957.0999755859373,1946.9000244140625,1956.199951171875,25472
2023-05-26 08:00:00+00:00,1956.0,1956.5999755859373,1951.199951171875,1951.5999755859373,22279
2023-05-26 12:00:00+00:00,1951.5999755859373,1954.199951171875,1938.5,1943.5,72045
2023-05-26 16:00:00+00:00,1943.4000244140625,1947.4000244140625,1942.800048828125,1947.199951171875,24853
2023-05-26 20:00:00+00:00,1947.199951171875,1964.9000244140625,1946.0999755859373,1946.0999755859373,1502
2023-05-28 20:00:00+00:00,1942.699951171875,1964.9000244140625,1941.199951171875,1961.5,4321
2023-05-29 00:00:00+00:00,1942.5999755859373,1964.9000244140625,1939.300048828125,1944.300048828125,8632
2023-05-30 04:00:00+00:00,1957.199951171875,1964.9000244140625,1949.5999755859373,1960.300048828125,31490
2023-05-30 08:00:00+00:00,1960.199951171875,1978.9000244140625,1959.5999755859373,1978.199951171875,46067
2023-05-30 12:00:00+00:00,1978.300048828125,1980.699951171875,1964.9000244140625,1980.300048828125,78834
2023-05-30 16:00:00+00:00,1980.4000244140625,1981.9000244140625,1964.9000244140625,1978.5999755859373,26496
2023-05-30 20:00:00+00:00,1978.5999755859373,1978.5999755859373,1964.9000244140625,1976.9000244140625,1900
2023-05-31 00:00:00+00:00,1976.800048828125,1978.800048828125,1971.800048828125,1976.0999755859373,11594
2023-05-31 04:00:00+00:00,1976.300048828125,1983.5999755859373,1973.5,1973.9000244140625,27574
2023-05-31 08:00:00+00:00,1973.9000244140625,1978.9000244140625,1972.5999755859373,1978.300048828125,19710
2023-05-31 12:00:00+00:00,1978.4000244140625,1993.0999755859373,1977.9000244140625,1987.4000244140625,101188
2023-05-31 16:00:00+00:00,1986.800048828125,1987.5999755859373,1981.0,1981.5999755859373,36946
2023-05-31 20:00:00+00:00,1981.699951171875,1984.4000244140625,1980.5999755859373,1983.5999755859373,3465
2023-06-01 00:00:00+00:00,1983.5999755859373,1984.5999755859373,1979.199951171875,1981.5999755859373,10755
2023-06-01 04:00:00+00:00,1981.5,1983.0,1972.199951171875,1972.800048828125,17268
2023-06-01 08:00:00+00:00,1972.800048828125,1985.699951171875,1970.0999755859373,1985.199951171875,27128
2023-06-01 12:00:00+00:00,1985.0999755859373,2000.699951171875,1975.5,1999.699951171875,89672
2023-06-01 16:00:00+00:00,1999.699951171875,2000.300048828125,1993.199951171875,1995.5999755859373,23529
2023-06-01 20:00:00+00:00,1995.699951171875,1996.0,1993.199951171875,1994.300048828125,1969
2023-06-02 00:00:00+00:00,1994.300048828125,2000.5,1991.4000244140625,1999.800048828125,11985
2023-06-02 04:00:00+00:00,1999.5999755859373,2000.0,1992.800048828125,1993.0,13447
2023-06-02 08:00:00+00:00,1993.0,1998.0,1991.9000244140625,1995.9000244140625,16809
2023-06-02 12:00:00+00:00,1995.9000244140625,1997.199951171875,1977.5,1978.300048828125,110092
2023-06-02 16:00:00+00:00,1978.5999755859373,1978.9000244140625,1964.5,1965.0999755859373,48354
2023-06-02 20:00:00+00:00,1965.0,1965.300048828125,1963.699951171875,1964.300048828125,2294
2023-06-04 20:00:00+00:00,1962.300048828125,1966.0,1962.300048828125,1965.300048828125,3575
2023-06-05 00:00:00+00:00,1965.4000244140625,1965.5,1959.5999755859373,1962.9000244140625,17369
2023-06-05 04:00:00+00:00,1962.800048828125,1963.0999755859373,1954.0,1955.699951171875,19167
2023-06-05 08:00:00+00:00,1955.5999755859373,1961.9000244140625,1954.0,1958.0,26335
2023-06-05 12:00:00+00:00,1958.0,1978.0,1953.800048828125,1974.300048828125,84056
2023-06-05 16:00:00+00:00,1974.4000244140625,1980.4000244140625,1973.5,1977.5999755859373,23632
2023-06-05 20:00:00+00:00,1977.5999755859373,1979.4000244140625,1976.9000244140625,1977.5,3117
2023-06-06 00:00:00+00:00,1977.5,1980.699951171875,1974.9000244140625,1975.4000244140625,10914
2023-06-06 04:00:00+00:00,1975.0,1978.699951171875,1972.9000244140625,1973.199951171875,14884
2023-06-06 08:00:00+00:00,1974.300048828125,1981.199951171875,1973.199951171875,1979.0,22446
2023-06-06 12:00:00+00:00,1979.0999755859373,1982.9000244140625,1970.300048828125,1979.5999755859373,61380
2023-06-06 16:00:00+00:00,1979.699951171875,1982.699951171875,1977.0,1979.199951171875,19984
2023-06-06 20:00:00+00:00,1979.0999755859373,1980.4000244140625,1978.699951171875,1979.5999755859373,2258
2023-06-07 00:00:00+00:00,1979.5999755859373,1982.699951171875,1978.699951171875,1979.300048828125,8650
2023-06-07 04:00:00+00:00,1979.300048828125,1980.800048828125,1970.699951171875,1972.0,15762
2023-06-07 08:00:00+00:00,1971.9000244140625,1982.199951171875,1971.5999755859373,1977.0999755859373,20374
2023-06-07 12:00:00+00:00,1977.0,1986.5,1961.800048828125,1962.699951171875,96546
2023-06-07 16:00:00+00:00,1962.699951171875,1963.199951171875,1955.800048828125,1955.800048828125,40016
2023-06-07 20:00:00+00:00,1955.800048828125,1959.9000244140625,1955.199951171875,1959.0,4208
2023-06-08 00:00:00+00:00,1959.0999755859373,1961.5,1958.699951171875,1960.800048828125,11544
2023-06-08 04:00:00+00:00,1960.699951171875,1963.4000244140625,1957.0999755859373,1961.9000244140625,16509
2023-06-08 08:00:00+00:00,1961.800048828125,1963.699951171875,1959.4000244140625,1961.0999755859373,16962
2023-06-08 12:00:00+00:00,1961.0999755859373,1985.699951171875,1960.5999755859373,1981.9000244140625,110253
2023-06-08 16:00:00+00:00,1982.0,1984.5,1976.800048828125,1979.9000244140625,26696
2023-06-08 20:00:00+00:00,1979.9000244140625,1981.0999755859373,1979.800048828125,1980.0,2066
2023-06-09 00:00:00+00:00,1980.0,1980.5999755859373,1978.0999755859373,1978.800048828125,9649
2023-06-09 04:00:00+00:00,1978.699951171875,1980.9000244140625,1977.300048828125,1978.0,11472
2023-06-09 08:00:00+00:00,1978.0,1981.5999755859373,1975.4000244140625,1981.0,16053
2023-06-09 12:00:00+00:00,1981.0999755859373,1987.800048828125,1971.0,1976.9000244140625,70670
2023-06-09 16:00:00+00:00,1976.9000244140625,1977.699951171875,1974.300048828125,1974.9000244140625,16843
2023-06-09 20:00:00+00:00,1974.9000244140625,1976.0999755859373,1974.699951171875,1975.699951171875,1442
2023-06-11 20:00:00+00:00,1975.5999755859373,1975.800048828125,1972.5,1974.300048828125,2119
2023-06-12 00:00:00+00:00,1974.300048828125,1974.9000244140625,1968.4000244140625,1972.800048828125,9869
2023-06-12 04:00:00+00:00,1972.5999755859373,1976.300048828125,1970.699951171875,1974.800048828125,11951
2023-06-12 08:00:00+00:00,1974.699951171875,1981.4000244140625,1974.300048828125,1978.4000244140625,15256
2023-06-12 12:00:00+00:00,1978.300048828125,1980.4000244140625,1963.0999755859373,1969.300048828125,60883
2023-06-12 16:00:00+00:00,1969.300048828125,1972.699951171875,1967.0999755859373,1972.0999755859373,17396
2023-06-12 20:00:00+00:00,1972.0999755859373,1974.5,1970.800048828125,1973.800048828125,2408
2023-06-13 00:00:00+00:00,1973.800048828125,1975.9000244140625,1970.0,1975.5,9226
2023-06-13 04:00:00+00:00,1975.800048828125,1979.300048828125,1972.199951171875,1976.199951171875,15942
2023-06-13 08:00:00+00:00,1976.0999755859373,1980.199951171875,1975.300048828125,1977.5999755859373,13671
2023-06-13 12:00:00+00:00,1977.5999755859373,1985.9000244140625,1955.0999755859373,1956.4000244140625,120289
2023-06-13 16:00:00+00:00,1956.300048828125,1960.5,1953.0,1956.5,31819
2023-06-13 20:00:00+00:00,1956.300048828125,1958.0,1955.300048828125,1957.0999755859373,3097
2023-06-14 00:00:00+00:00,1957.199951171875,1962.699951171875,1955.9000244140625,1962.300048828125,10411
2023-06-14 04:00:00+00:00,1962.4000244140625,1964.800048828125,1958.0999755859373,1962.800048828125,14778
2023-06-14 08:00:00+00:00,1962.800048828125,1966.0999755859373,1958.699951171875,1960.199951171875,15390
2023-06-14 12:00:00+00:00,1960.0999755859373,1973.9000244140625,1959.0,1969.4000244140625,66238
2023-06-14 16:00:00+00:00,1969.4000244140625,1971.0,1952.5,1958.199951171875,82160
2023-06-14 20:00:00+00:00,1958.300048828125,1959.5999755859373,1953.0999755859373,1957.5,6157
2023-06-15 00:00:00+00:00,1957.5,1957.699951171875,1944.199951171875,1946.800048828125,28755
2023-06-15 04:00:00+00:00,1946.800048828125,1951.5,1940.300048828125,1945.0999755859373,34216
2023-06-15 08:00:00+00:00,1945.0,1948.5,1939.300048828125,1940.0999755859373,26222
2023-06-15 12:00:00+00:00,1940.0,1972.0,1936.0999755859373,1968.800048828125,136279
2023-06-15 16:00:00+00:00,1968.800048828125,1972.800048828125,1968.800048828125,1971.300048828125,28333
2023-06-15 20:00:00+00:00,1971.0999755859373,1971.699951171875,1969.699951171875,1970.5999755859373,2181
2023-06-16 00:00:00+00:00,1970.5999755859373,1974.5,1967.4000244140625,1968.699951171875,14167
2023-06-16 04:00:00+00:00,1968.800048828125,1975.5999755859373,1967.0,1973.9000244140625,17449
2023-06-16 08:00:00+00:00,1973.800048828125,1978.800048828125,1972.0999755859373,1977.9000244140625,23768
2023-06-16 12:00:00+00:00,1977.9000244140625,1980.4000244140625,1965.4000244140625,1968.5,77314
2023-06-16 16:00:00+00:00,1968.4000244140625,1972.0,1966.0,1967.9000244140625,21358
2023-06-16 20:00:00+00:00,1967.9000244140625,1970.800048828125,1967.9000244140625,1970.699951171875,1583
2023-06-18 20:00:00+00:00,1970.699951171875,1971.800048828125,1968.5999755859373,1969.5,1516
2023-06-19 00:00:00+00:00,1969.5,1970.9000244140625,1966.0,1967.5999755859373,6994
2023-06-20 04:00:00+00:00,1961.800048828125,1968.699951171875,1958.0999755859373,1966.800048828125,17165
2023-06-20 08:00:00+00:00,1966.699951171875,1967.4000244140625,1961.5,1963.0999755859373,13384
2023-06-20 12:00:00+00:00,1963.199951171875,1966.5999755859373,1940.800048828125,1946.5999755859373,109052
2023-06-20 16:00:00+00:00,1946.5999755859373,1950.4000244140625,1945.5,1948.0,25603
2023-06-20 20:00:00+00:00,1948.0,1950.0999755859373,1947.199951171875,1948.5999755859373,4055
2023-06-21 00:00:00+00:00,1948.5999755859373,1950.4000244140625,1946.199951171875,1947.9000244140625,9812
2023-06-21 04:00:00+00:00,1947.9000244140625,1948.5,1942.0999755859373,1946.0999755859373,18537
2023-06-21 08:00:00+00:00,1946.0999755859373,1947.0,1943.0,1945.5999755859373,16016
2023-06-21 12:00:00+00:00,1945.5,1946.4000244140625,1929.300048828125,1943.0999755859373,98259
2023-06-21 16:00:00+00:00,1943.0999755859373,1948.800048828125,1941.199951171875,1944.5999755859373,28072
2023-06-21 20:00:00+00:00,1944.699951171875,1945.699951171875,1942.699951171875,1944.0999755859373,2995
2023-06-22 00:00:00+00:00,1944.199951171875,1944.5,1941.800048828125,1942.5999755859373,5591
2023-06-22 04:00:00+00:00,1942.5999755859373,1943.0,1937.199951171875,1940.0999755859373,15345
2023-06-22 08:00:00+00:00,1940.0,1941.699951171875,1935.0999755859373,1937.300048828125,22060
2023-06-22 12:00:00+00:00,1937.300048828125,1941.199951171875,1922.5999755859373,1923.300048828125,89366
2023-06-22 16:00:00+00:00,1923.199951171875,1927.699951171875,1922.9000244140625,1924.0999755859373,27287
2023-06-22 20:00:00+00:00,1924.0,1924.9000244140625,1922.0,1924.300048828125,3794
2023-06-23 00:00:00+00:00,1924.300048828125,1925.5999755859373,1919.5,1921.699951171875,10361
2023-06-23 04:00:00+00:00,1922.0,1928.800048828125,1921.5999755859373,1927.800048828125,23982
2023-06-23 08:00:00+00:00,1927.800048828125,1930.5999755859373,1926.5,1929.0999755859373,19061
2023-06-23 12:00:00+00:00,1929.0999755859373,1949.0,1928.5999755859373,1931.199951171875,100543
2023-06-23 16:00:00+00:00,1931.199951171875,1932.5,1927.5999755859373,1929.0999755859373,23763
2023-06-23 20:00:00+00:00,1929.0999755859373,1931.300048828125,1929.0,1930.300048828125,1949
2023-06-25 20:00:00+00:00,1936.300048828125,1936.4000244140625,1932.300048828125,1935.0999755859373,4627
2023-06-26 00:00:00+00:00,1935.0999755859373,1938.4000244140625,1934.0999755859373,1935.199951171875,12702
2023-06-26 04:00:00+00:00,1935.300048828125,1939.0,1931.5,1938.699951171875,15833
2023-06-26 08:00:00+00:00,1938.800048828125,1943.4000244140625,1938.699951171875,1941.199951171875,21265
2023-06-26 12:00:00+00:00,1941.199951171875,1943.0,1931.0999755859373,1935.699951171875,69215
2023-06-26 16:00:00+00:00,1935.699951171875,1936.699951171875,1932.300048828125,1932.800048828125,19728
2023-06-26 20:00:00+00:00,1932.800048828125,1934.0,1930.4000244140625,1932.199951171875,4064
2023-06-27 00:00:00+00:00,1932.0999755859373,1939.9000244140625,1931.4000244140625,1937.5999755859373,13366
2023-06-27 04:00:00+00:00,1937.9000244140625,1939.4000244140625,1933.5999755859373,1937.5999755859373,17156
2023-06-27 08:00:00+00:00,1937.5999755859373,1938.0999755859373,1929.0999755859373,1932.800048828125,22605
2023-06-27 12:00:00+00:00,1932.699951171875,1940.300048828125,1920.5999755859373,1922.9000244140625,91901
2023-06-27 16:00:00+00:00,1922.9000244140625,1925.9000244140625,1919.800048828125,1923.300048828125,26724
2023-06-27 20:00:00+00:00,1923.4000244140625,1924.9000244140625,1922.5,1924.5,1987
2023-06-28 00:00:00+00:00,1924.5,1926.0999755859373,1922.300048828125,1924.0,11335
2023-06-28 04:00:00+00:00,1924.0,1925.800048828125,1917.0,1919.800048828125,22389
2023-06-28 08:00:00+00:00,1919.699951171875,1920.9000244140625,1914.5999755859373,1916.0,22737
2023-06-28 12:00:00+00:00,1916.0999755859373,1922.5,1911.4000244140625,1920.0,69362
2023-06-28 16:00:00+00:00,1919.9000244140625,1922.4000244140625,1918.300048828125,1918.4000244140625,25477
2023-06-28 20:00:00+00:00,1918.5,1919.199951171875,1916.0,1917.5,2862
2023-06-29 00:00:00+00:00,1917.5999755859373,1921.0999755859373,1910.800048828125,1913.699951171875,18195
2023-06-29 04:00:00+00:00,1913.699951171875,1914.199951171875,1910.5,1914.0,16027
2023-06-29 08:00:00+00:00,1913.9000244140625,1918.9000244140625,1911.9000244140625,1917.9000244140625,16492
2023-06-29 12:00:00+00:00,1917.800048828125,1921.300048828125,1900.5999755859373,1917.0999755859373,119189
2023-06-29 16:00:00+00:00,1917.0,1919.0999755859373,1914.4000244140625,1916.0,26662
2023-06-29 20:00:00+00:00,1916.0,1916.9000244140625,1915.0,1916.699951171875,3653
2023-06-30 00:00:00+00:00,1916.699951171875,1917.5999755859373,1915.0,1916.300048828125,8402
2023-06-30 04:00:00+00:00,1916.300048828125,1917.800048828125,1911.5,1912.9000244140625,15625
2023-06-30 08:00:00+00:00,1912.9000244140625,1914.0,1908.0999755859373,1912.5999755859373,17641
2023-06-30 12:00:00+00:00,1912.699951171875,1927.4000244140625,1912.0,1926.9000244140625,91654
2023-06-30 16:00:00+00:00,1926.9000244140625,1930.800048828125,1925.300048828125,1927.9000244140625,35669
2023-06-30 20:00:00+00:00,1927.800048828125,1928.0,1925.800048828125,1927.800048828125,2033
2023-07-02 20:00:00+00:00,1927.800048828125,1927.800048828125,1925.5,1926.0999755859373,2660
2023-07-03 00:00:00+00:00,1926.0,1926.699951171875,1922.199951171875,1926.199951171875,12342
2023-07-03 12:00:00+00:00,1929.800048828125,1939.9000244140625,1927.0999755859373,1934.5999755859373,67870
2023-07-03 16:00:00+00:00,1934.5999755859373,1934.699951171875,1929.9000244140625,1930.0999755859373,7361
2023-07-05 04:00:00+00:00,1931.9000244140625,1935.0999755859373,1928.0,1934.800048828125,20304
2023-07-05 08:00:00+00:00,1934.699951171875,1937.0,1932.5999755859373,1934.9000244140625,19716
2023-07-05 12:00:00+00:00,1934.800048828125,1942.9000244140625,1926.199951171875,1930.5,98250
2023-07-05 16:00:00+00:00,1930.5999755859373,1932.300048828125,1922.4000244140625,1923.0,35870
2023-07-05 20:00:00+00:00,1923.0999755859373,1924.5,1922.0999755859373,1923.4000244140625,3508
2023-07-06 00:00:00+00:00,1923.4000244140625,1926.199951171875,1922.5999755859373,1924.5,10091
2023-07-06 04:00:00+00:00,1924.5,1927.9000244140625,1923.300048828125,1925.199951171875,12434
2023-07-06 08:00:00+00:00,1925.0999755859373,1934.0,1921.9000244140625,1933.0999755859373,25430
2023-07-06 12:00:00+00:00,1933.0,1934.0,1908.5,1917.300048828125,145630
2023-07-06 16:00:00+00:00,1917.4000244140625,1918.4000244140625,1914.5999755859373,1916.5,27365
2023-07-06 20:00:00+00:00,1916.5,1918.300048828125,1915.5,1917.4000244140625,3225
2023-07-07 00:00:00+00:00,1917.5,1918.199951171875,1915.4000244140625,1916.5,9531
2023-07-07 04:00:00+00:00,1916.800048828125,1922.4000244140625,1915.9000244140625,1920.4000244140625,17958
2023-07-07 08:00:00+00:00,1920.5,1924.300048828125,1919.0999755859373,1923.5,22446
2023-07-07 12:00:00+00:00,1923.5,1940.5999755859373,1919.9000244140625,1933.699951171875,130523
2023-07-07 16:00:00+00:00,1933.699951171875,1935.4000244140625,1930.9000244140625,1931.0,22022
2023-07-07 20:00:00+00:00,1931.0,1931.699951171875,1930.4000244140625,1930.5,2931
2023-07-09 20:00:00+00:00,1930.699951171875,1933.699951171875,1929.4000244140625,1930.5,4632
2023-07-10 00:00:00+00:00,1930.5,1932.5,1928.300048828125,1929.5,10975
2023-07-10 04:00:00+00:00,1929.5,1931.199951171875,1924.800048828125,1930.300048828125,18122
2023-07-10 08:00:00+00:00,1930.4000244140625,1931.699951171875,1928.0,1930.199951171875,19402
2023-07-10 12:00:00+00:00,1930.199951171875,1930.4000244140625,1918.0,1929.0999755859373,95114
2023-07-10 16:00:00+00:00,1929.0,1932.4000244140625,1928.0999755859373,1931.300048828125,45460
2023-07-10 20:00:00+00:00,1931.300048828125,1931.4000244140625,1929.800048828125,1930.4000244140625,2115
2023-07-11 00:00:00+00:00,1930.4000244140625,1934.300048828125,1930.0,1931.9000244140625,11424
2023-07-11 04:00:00+00:00,1932.0,1944.5,1931.800048828125,1937.699951171875,38602
2023-07-11 08:00:00+00:00,1937.699951171875,1944.0,1937.5,1941.699951171875,25350
2023-07-11 12:00:00+00:00,1941.699951171875,1941.9000244140625,1934.5999755859373,1936.300048828125,60307
2023-07-11 16:00:00+00:00,1936.199951171875,1938.199951171875,1934.5999755859373,1937.5999755859373,34835
2023-07-11 20:00:00+00:00,1937.5999755859373,1938.800048828125,1936.800048828125,1938.5,3416
2023-07-12 00:00:00+00:00,1938.5,1946.4000244140625,1938.4000244140625,1943.5999755859373,17519
2023-07-12 04:00:00+00:00,1943.5999755859373,1945.5,1939.0999755859373,1939.9000244140625,16802
2023-07-12 08:00:00+00:00,1939.9000244140625,1941.800048828125,1938.699951171875,1940.0,15714
2023-07-12 12:00:00+00:00,1939.9000244140625,1963.4000244140625,1938.699951171875,1961.0999755859373,155513
2023-07-12 16:00:00+00:00,1961.0999755859373,1965.0999755859373,1960.800048828125,1963.800048828125,40240
2023-07-12 20:00:00+00:00,1963.800048828125,1964.0,1961.699951171875,1962.5999755859373,3821
2023-07-13 00:00:00+00:00,1962.5999755859373,1966.300048828125,1960.699951171875,1964.9000244140625,13595
2023-07-13 04:00:00+00:00,1965.0999755859373,1967.800048828125,1959.9000244140625,1966.4000244140625,29324
2023-07-13 08:00:00+00:00,1966.300048828125,1967.4000244140625,1962.4000244140625,1964.5999755859373,21567
2023-07-13 12:00:00+00:00,1964.5999755859373,1968.5,1956.5999755859373,1959.5,110305
2023-07-13 16:00:00+00:00,1959.5999755859373,1965.5,1959.199951171875,1964.5999755859373,40145
2023-07-13 20:00:00+00:00,1964.5999755859373,1966.0999755859373,1964.300048828125,1964.4000244140625,4030
2023-07-14 00:00:00+00:00,1964.5999755859373,1967.800048828125,1962.699951171875,1966.9000244140625,11594
2023-07-14 04:00:00+00:00,1966.5999755859373,1966.5999755859373,1958.4000244140625,1961.199951171875,18758
2023-07-14 08:00:00+00:00,1961.0999755859373,1964.300048828125,1959.199951171875,1963.300048828125,29018
2023-07-14 12:00:00+00:00,1963.4000244140625,1967.0,1954.699951171875,1962.199951171875,81945
2023-07-14 16:00:00+00:00,1962.199951171875,1965.5,1958.800048828125,1958.800048828125,44402
2023-07-14 20:00:00+00:00,1958.9000244140625,1960.199951171875,1958.800048828125,1959.300048828125,2439
2023-07-16 20:00:00+00:00,1958.5999755859373,1960.0999755859373,1955.5999755859373,1957.5999755859373,3188
2023-07-17 00:00:00+00:00,1957.5999755859373,1960.0,1954.5,1956.0,10580
2023-07-17 04:00:00+00:00,1955.800048828125,1960.4000244140625,1954.300048828125,1956.199951171875,15133
2023-07-17 08:00:00+00:00,1956.199951171875,1963.5999755859373,1955.800048828125,1961.4000244140625,19190
2023-07-17 12:00:00+00:00,1961.5,1963.4000244140625,1949.0,1958.300048828125,72506
2023-07-17 16:00:00+00:00,1958.4000244140625,1960.199951171875,1956.0999755859373,1959.199951171875,39899
2023-07-17 20:00:00+00:00,1959.0999755859373,1959.9000244140625,1958.0999755859373,1959.0,2330
2023-07-18 00:00:00+00:00,1958.9000244140625,1964.0999755859373,1958.0999755859373,1963.0,12653
2023-07-18 04:00:00+00:00,1963.199951171875,1966.9000244140625,1961.199951171875,1965.0,17088
2023-07-18 08:00:00+00:00,1965.0,1976.0,1964.0999755859373,1966.699951171875,34022
2023-07-18 12:00:00+00:00,1966.800048828125,1988.300048828125,1964.300048828125,1982.0,155247
2023-07-18 16:00:00+00:00,1982.0,1985.5,1978.9000244140625,1981.4000244140625,34873
2023-07-18 20:00:00+00:00,1981.4000244140625,1982.9000244140625,1980.300048828125,1980.9000244140625,2569
2023-07-19 00:00:00+00:00,1981.0,1982.0,1978.0999755859373,1979.5,11262
2023-07-19 04:00:00+00:00,1979.300048828125,1984.5999755859373,1976.4000244140625,1981.5,20241
2023-07-19 08:00:00+00:00,1981.4000244140625,1982.9000244140625,1975.0,1977.300048828125,23525
2023-07-19 12:00:00+00:00,1977.4000244140625,1983.9000244140625,1973.300048828125,1977.4000244140625,72380
2023-07-19 16:00:00+00:00,1977.5,1982.5,1975.5999755859373,1981.9000244140625,24347
2023-07-19 20:00:00+00:00,1981.9000244140625,1982.0999755859373,1978.5999755859373,1980.300048828125,2403
2023-07-20 00:00:00+00:00,1980.300048828125,1989.800048828125,1980.0,1987.699951171875,17999
2023-07-20 04:00:00+00:00,1987.5999755859373,1988.0,1980.5999755859373,1982.0,17124
2023-07-20 08:00:00+00:00,1981.9000244140625,1986.300048828125,1980.9000244140625,1984.0999755859373,19478
2023-07-20 12:00:00+00:00,1984.0999755859373,1984.300048828125,1968.0999755859373,1971.0,97482
2023-07-20 16:00:00+00:00,1971.0,1974.300048828125,1967.699951171875,1971.5999755859373,31019
2023-07-20 20:00:00+00:00,1971.5999755859373,1974.9000244140625,1971.300048828125,1974.199951171875,3152
2023-07-21 00:00:00+00:00,1974.300048828125,1975.9000244140625,1971.800048828125,1972.199951171875,9956
2023-07-21 04:00:00+00:00,1972.0,1974.300048828125,1966.300048828125,1966.4000244140625,16267
2023-07-21 08:00:00+00:00,1966.4000244140625,1968.9000244140625,1963.0999755859373,1967.800048828125,30068
2023-07-21 12:00:00+00:00,1967.800048828125,1970.199951171875,1958.800048828125,1962.4000244140625,73672
2023-07-21 16:00:00+00:00,1962.300048828125,1966.800048828125,1962.199951171875,1964.5,18575
2023-07-21 20:00:00+00:00,1964.5,1964.699951171875,1963.5,1963.9000244140625,1397
2023-07-23 20:00:00+00:00,1963.5999755859373,1964.800048828125,1962.199951171875,1963.0,1753
2023-07-24 00:00:00+00:00,1963.0,1964.5,1960.9000244140625,1961.800048828125,8732
2023-07-24 04:00:00+00:00,1961.699951171875,1967.300048828125,1959.5,1964.9000244140625,21845
2023-07-24 08:00:00+00:00,1964.9000244140625,1969.800048828125,1961.4000244140625,1966.9000244140625,27288
2023-07-24 12:00:00+00:00,1966.9000244140625,1969.800048828125,1958.5,1961.5999755859373,87081
2023-07-24 16:00:00+00:00,1961.5999755859373,1963.5,1955.300048828125,1956.300048828125,44437
2023-07-24 20:00:00+00:00,1956.300048828125,1957.5,1954.5999755859373,1956.0,3827
2023-07-25 00:00:00+00:00,1956.0999755859373,1965.0,1955.5,1963.4000244140625,14837
2023-07-25 04:00:00+00:00,1963.0,1965.5999755859373,1961.199951171875,1962.699951171875,19411
2023-07-25 08:00:00+00:00,1962.699951171875,1965.0999755859373,1954.300048828125,1962.0,28213
2023-07-25 12:00:00+00:00,1961.9000244140625,1966.9000244140625,1951.5999755859373,1965.699951171875,84344
2023-07-25 16:00:00+00:00,1965.5999755859373,1967.0999755859373,1962.800048828125,1966.0999755859373,31553
2023-07-25 20:00:00+00:00,1966.0,1967.699951171875,1965.5,1966.800048828125,2901
2023-07-26 00:00:00+00:00,1966.5999755859373,1967.4000244140625,1963.199951171875,1965.199951171875,9484
2023-07-26 04:00:00+00:00,1965.300048828125,1972.4000244140625,1963.5999755859373,1971.9000244140625,23977
2023-07-26 08:00:00+00:00,1971.9000244140625,1975.5,1970.800048828125,1973.5,23693
2023-07-26 12:00:00+00:00,1973.5,1976.300048828125,1965.0999755859373,1973.5,82839
2023-07-26 16:00:00+00:00,1973.5,1979.9000244140625,1966.0,1976.199951171875,59402
2023-07-26 20:00:00+00:00,1976.0999755859373,1976.0999755859373,1971.699951171875,1972.5,3176
2023-07-27 00:00:00+00:00,1972.4000244140625,1982.5999755859373,1971.300048828125,1977.9000244140625,11072
2023-07-27 04:00:00+00:00,1978.0999755859373,1982.4000244140625,1974.300048828125,1979.9000244140625,16177
2023-07-27 08:00:00+00:00,1980.0999755859373,1981.300048828125,1973.9000244140625,1979.4000244140625,21393
2023-07-27 12:00:00+00:00,1979.4000244140625,1979.5,1942.199951171875,1946.0999755859373,110793
2023-07-27 16:00:00+00:00,1946.0,1948.9000244140625,1941.699951171875,1943.5999755859373,28409
2023-07-27 20:00:00+00:00,1943.5999755859373,1947.4000244140625,1942.9000244140625,1947.4000244140625,1689
2023-07-28 00:00:00+00:00,1947.0,1953.199951171875,1945.5,1952.199951171875,2687
2023-07-28 04:00:00+00:00,1952.800048828125,1988.5999755859373,1947.0,1987.9000244140625,46489
2023-07-28 08:00:00+00:00,1948.5,1996.4000244140625,1946.699951171875,1994.800048828125,66880
2023-07-28 12:00:00+00:00,1994.800048828125,2002.0,1951.300048828125,1999.300048828125,61320
2023-07-28 16:00:00+00:00,1999.300048828125,2002.0,1996.0,1997.699951171875,21639
2023-07-28 20:00:00+00:00,1997.699951171875,1998.199951171875,1997.199951171875,1998.0,1160
2023-07-30 20:00:00+00:00,1997.9000244140625,1998.800048828125,1995.9000244140625,1996.4000244140625,2880
2023-07-31 00:00:00+00:00,1996.4000244140625,1997.0999755859373,1991.699951171875,1992.5999755859373,11203
2023-07-31 04:00:00+00:00,1992.5,1994.9000244140625,1990.699951171875,1992.800048828125,14339
2023-07-31 08:00:00+00:00,1992.800048828125,1999.199951171875,1986.699951171875,1997.199951171875,19422
2023-07-31 12:00:00+00:00,1997.300048828125,2010.9000244140625,1995.5,2009.0,64362
2023-07-31 16:00:00+00:00,2009.0,2010.9000244140625,2002.800048828125,2003.0999755859373,21350
2023-07-31 20:00:00+00:00,2003.0999755859373,2004.5999755859373,2002.0999755859373,2002.199951171875,3341
2023-08-01 00:00:00+00:00,2002.199951171875,2003.0,1997.199951171875,2000.0999755859373,11598
2023-08-01 04:00:00+00:00,2000.0,2000.0999755859373,1992.199951171875,1993.300048828125,17403
2023-08-01 08:00:00+00:00,1993.4000244140625,1995.5999755859373,1990.800048828125,1991.4000244140625,18276
2023-08-01 12:00:00+00:00,1991.4000244140625,1993.699951171875,1978.5999755859373,1981.5,87987
2023-08-01 16:00:00+00:00,1981.5,1983.0,1978.300048828125,1981.9000244140625,23497
2023-08-01 20:00:00+00:00,1981.9000244140625,1990.0,1981.300048828125,1989.0,4067
2023-08-02 00:00:00+00:00,1989.0,1989.300048828125,1983.5,1986.0,11778
2023-08-02 04:00:00+00:00,1986.0999755859373,1987.300048828125,1982.0999755859373,1985.199951171875,14139
2023-08-02 08:00:00+00:00,1985.300048828125,1992.199951171875,1985.0999755859373,1987.699951171875,20127
2023-08-02 12:00:00+00:00,1987.699951171875,1988.9000244140625,1969.0999755859373,1972.300048828125,84647
2023-08-02 16:00:00+00:00,1972.199951171875,1975.5999755859373,1971.4000244140625,1971.699951171875,20597
2023-08-02 20:00:00+00:00,1971.5999755859373,1972.4000244140625,1970.4000244140625,1971.4000244140625,3911
2023-08-03 00:00:00+00:00,1971.5,1974.4000244140625,1968.5,1972.5999755859373,12779
2023-08-03 04:00:00+00:00,1972.5999755859373,1974.300048828125,1966.699951171875,1972.4000244140625,21257
2023-08-03 08:00:00+00:00,1972.300048828125,1974.0999755859373,1968.300048828125,1970.5,19783
2023-08-03 12:00:00+00:00,1970.4000244140625,1974.5,1964.5,1968.5,61628
2023-08-03 16:00:00+00:00,1968.5,1971.4000244140625,1967.699951171875,1969.5,15134
2023-08-03 20:00:00+00:00,1969.4000244140625,1972.199951171875,1969.0999755859373,1971.0999755859373,2176
2023-08-04 00:00:00+00:00,1971.0999755859373,1973.4000244140625,1969.5,1970.300048828125,9871
2023-08-04 04:00:00+00:00,1970.300048828125,1972.4000244140625,1966.9000244140625,1968.0,15637
2023-08-04 08:00:00+00:00,1967.9000244140625,1969.300048828125,1966.0999755859373,1967.199951171875,13038
2023-08-04 12:00:00+00:00,1967.199951171875,1982.4000244140625,1954.5,1978.0999755859373,92649
2023-08-04 16:00:00+00:00,1978.0999755859373,1979.0,1975.0999755859373,1976.5999755859373,17262
2023-08-04 20:00:00+00:00,1976.5999755859373,1978.5999755859373,1976.300048828125,1978.199951171875,0
2023-08-06 20:00:00+00:00,1977.5999755859373,1981.699951171875,1977.199951171875,1978.5,4245
2023-08-07 00:00:00+00:00,1978.5999755859373,1980.199951171875,1973.0999755859373,1973.800048828125,8376
2023-08-07 04:00:00+00:00,1974.0,1974.199951171875,1970.199951171875,1971.5,15119
2023-08-07 08:00:00+00:00,1971.4000244140625,1972.300048828125,1968.0,1970.800048828125,17630
2023-08-07 12:00:00+00:00,1970.9000244140625,1976.5999755859373,1966.0999755859373,1967.199951171875,41345
2023-08-07 16:00:00+00:00,1967.199951171875,1972.699951171875,1966.800048828125,1971.800048828125,13404
2023-08-07 20:00:00+00:00,1971.800048828125,1972.800048828125,1970.5,1971.4000244140625,2538
2023-08-08 00:00:00+00:00,1971.5999755859373,1972.0,1965.5,1967.800048828125,11778
2023-08-08 04:00:00+00:00,1967.800048828125,1969.4000244140625,1964.5999755859373,1964.9000244140625,16734
2023-08-08 08:00:00+00:00,1965.0,1970.199951171875,1961.4000244140625,1963.0,23777
2023-08-08 12:00:00+00:00,1963.0,1966.0999755859373,1956.5,1960.300048828125,63742
2023-08-08 16:00:00+00:00,1960.300048828125,1962.9000244140625,1958.0,1959.199951171875,17783
2023-08-08 20:00:00+00:00,1959.300048828125,1959.699951171875,1958.699951171875,1959.5,1826
2023-08-09 00:00:00+00:00,1959.5999755859373,1964.5,1958.0,1963.9000244140625,9747
2023-08-09 04:00:00+00:00,1963.9000244140625,1966.0999755859373,1963.300048828125,1964.699951171875,11605
2023-08-09 08:00:00+00:00,1964.699951171875,1965.0,1957.0,1958.199951171875,18553
2023-08-09 12:00:00+00:00,1958.199951171875,1961.5999755859373,1948.9000244140625,1950.0999755859373,66105
2023-08-09 16:00:00+00:00,1950.0999755859373,1951.5999755859373,1948.800048828125,1948.9000244140625,20529
2023-08-09 20:00:00+00:00,1948.800048828125,1949.5,1947.199951171875,1949.300048828125,3531
2023-08-10 00:00:00+00:00,1949.300048828125,1951.699951171875,1947.800048828125,1951.4000244140625,10855
2023-08-10 04:00:00+00:00,1951.199951171875,1953.199951171875,1948.0,1951.9000244140625,16219
2023-08-10 08:00:00+00:00,1952.0,1955.5,1951.199951171875,1954.5999755859373,16415
2023-08-10 12:00:00+00:00,1954.5999755859373,1963.5,1945.800048828125,1952.5,90172
2023-08-10 16:00:00+00:00,1952.4000244140625,1954.199951171875,1945.199951171875,1945.9000244140625,24695
2023-08-10 20:00:00+00:00,1945.9000244140625,1946.300048828125,1942.699951171875,1944.5999755859373,4335
2023-08-11 00:00:00+00:00,1944.5,1948.199951171875,1944.0,1946.5999755859373,9374
2023-08-11 04:00:00+00:00,1946.699951171875,1950.300048828125,1944.5999755859373,1950.0999755859373,13636
2023-08-11 08:00:00+00:00,1950.0999755859373,1951.9000244140625,1948.0999755859373,1951.0,13007
2023-08-11 12:00:00+00:00,1951.0999755859373,1953.5999755859373,1944.9000244140625,1946.300048828125,61607
2023-08-11 16:00:00+00:00,1946.300048828125,1947.800048828125,1944.0999755859373,1945.699951171875,16089
2023-08-11 20:00:00+00:00,1945.5999755859373,1946.199951171875,1944.9000244140625,1945.699951171875,0
2023-08-13 20:00:00+00:00,1945.5999755859373,1947.0,1944.4000244140625,1945.5999755859373,2939
2023-08-14 00:00:00+00:00,1945.5999755859373,1945.699951171875,1942.199951171875,1944.300048828125,10209
2023-08-14 04:00:00+00:00,1944.5,1948.199951171875,1942.300048828125,1946.4000244140625,13121
2023-08-14 08:00:00+00:00,1946.5,1948.199951171875,1944.199951171875,1946.0,11126
2023-08-14 12:00:00+00:00,1945.9000244140625,1946.0,1934.199951171875,1943.0999755859373,60928
2023-08-14 16:00:00+00:00,1943.0,1945.300048828125,1939.199951171875,1939.5999755859373,17731
2023-08-14 20:00:00+00:00,1939.5999755859373,1939.9000244140625,1936.9000244140625,1939.300048828125,3272
2023-08-15 00:00:00+00:00,1939.4000244140625,1939.9000244140625,1935.4000244140625,1938.5999755859373,10805
2023-08-15 04:00:00+00:00,1938.5,1938.9000244140625,1934.699951171875,1936.300048828125,13209
2023-08-15 08:00:00+00:00,1936.300048828125,1936.5,1933.199951171875,1935.4000244140625,15882
2023-08-15 12:00:00+00:00,1935.4000244140625,1944.300048828125,1927.5,1938.4000244140625,86310
2023-08-15 16:00:00+00:00,1938.4000244140625,1939.0999755859373,1933.699951171875,1934.300048828125,28987
2023-08-15 20:00:00+00:00,1934.300048828125,1935.300048828125,1931.5999755859373,1932.800048828125,4740
2023-08-16 00:00:00+00:00,1932.800048828125,1936.0999755859373,1931.5999755859373,1935.0,7172
2023-08-16 04:00:00+00:00,1934.9000244140625,1937.4000244140625,1933.699951171875,1935.4000244140625,11280
2023-08-16 08:00:00+00:00,1935.5,1938.0999755859373,1934.0,1934.0999755859373,11967
2023-08-16 12:00:00+00:00,1934.0,1937.300048828125,1929.800048828125,1932.5999755859373,50228
2023-08-16 16:00:00+00:00,1932.5999755859373,1933.199951171875,1922.0,1922.5,38016
2023-08-16 20:00:00+00:00,1922.4000244140625,1924.300048828125,1921.699951171875,1923.0,5758
2023-08-17 00:00:00+00:00,1923.0,1923.5999755859373,1918.800048828125,1922.300048828125,11507
2023-08-17 04:00:00+00:00,1922.199951171875,1927.0999755859373,1921.4000244140625,1926.0,12988
2023-08-17 08:00:00+00:00,1925.9000244140625,1929.5,1923.199951171875,1928.800048828125,20837
2023-08-17 12:00:00+00:00,1928.699951171875,1933.5,1918.5999755859373,1919.0,60962
2023-08-17 16:00:00+00:00,1919.0,1920.800048828125,1914.199951171875,1918.800048828125,34298
2023-08-17 20:00:00+00:00,1918.699951171875,1921.0999755859373,1917.9000244140625,1920.5999755859373,3889
2023-08-18 00:00:00+00:00,1920.699951171875,1924.300048828125,1920.0,1922.0,12544
2023-08-18 04:00:00+00:00,1921.9000244140625,1923.199951171875,1920.4000244140625,1921.699951171875,11806
2023-08-18 08:00:00+00:00,1921.699951171875,1924.800048828125,1920.4000244140625,1923.0,14951
2023-08-18 12:00:00+00:00,1923.0,1926.0,1917.699951171875,1920.4000244140625,43693
2023-08-18 16:00:00+00:00,1920.300048828125,1921.0999755859373,1915.9000244140625,1918.199951171875,22189
2023-08-18 20:00:00+00:00,1918.199951171875,1918.9000244140625,1917.300048828125,1918.4000244140625,1387
2023-08-20 20:00:00+00:00,1918.4000244140625,1919.699951171875,1917.9000244140625,1919.0999755859373,2254
2023-08-21 00:00:00+00:00,1919.0,1922.5,1913.5999755859373,1920.199951171875,16167
2023-08-21 04:00:00+00:00,1920.300048828125,1922.800048828125,1916.0999755859373,1916.800048828125,17294
2023-08-21 08:00:00+00:00,1916.699951171875,1922.199951171875,1915.5999755859373,1921.9000244140625,15385
2023-08-21 12:00:00+00:00,1921.9000244140625,1927.9000244140625,1914.0,1918.0,62865
2023-08-21 16:00:00+00:00,1918.0,1924.300048828125,1917.9000244140625,1923.4000244140625,20291
2023-08-21 20:00:00+00:00,1923.4000244140625,1924.800048828125,1923.199951171875,1923.300048828125,2473
2023-08-22 00:00:00+00:00,1923.300048828125,1926.199951171875,1922.199951171875,1924.800048828125,13166
2023-08-22 04:00:00+00:00,1924.699951171875,1930.5999755859373,1922.5,1930.199951171875,17757
2023-08-22 08:00:00+00:00,1930.199951171875,1933.199951171875,1927.300048828125,1930.9000244140625,18795
2023-08-22 12:00:00+00:00,1931.0,1932.300048828125,1917.5,1926.699951171875,58550
2023-08-22 16:00:00+00:00,1926.800048828125,1927.800048828125,1925.0999755859373,1926.300048828125,14809
2023-08-22 20:00:00+00:00,1926.300048828125,1927.4000244140625,1925.9000244140625,1927.300048828125,1455
2023-08-23 00:00:00+00:00,1927.300048828125,1931.5,1927.199951171875,1929.699951171875,11496
2023-08-23 04:00:00+00:00,1930.0,1933.5999755859373,1929.0,1932.199951171875,18379
2023-08-23 08:00:00+00:00,1932.199951171875,1934.4000244140625,1929.800048828125,1931.9000244140625,17724
2023-08-23 12:00:00+00:00,1931.9000244140625,1948.0999755859373,1931.300048828125,1947.5,85922
2023-08-23 16:00:00+00:00,1947.5,1949.699951171875,1945.4000244140625,1946.0,25212
2023-08-23 20:00:00+00:00,1946.0999755859373,1946.300048828125,1943.800048828125,1946.0999755859373,4031
2023-08-24 00:00:00+00:00,1946.0,1949.5,1945.4000244140625,1948.800048828125,17964
2023-08-24 04:00:00+00:00,1948.800048828125,1951.199951171875,1947.5,1947.5,23645
2023-08-24 08:00:00+00:00,1947.5999755859373,1950.0,1944.199951171875,1944.4000244140625,15078
2023-08-24 12:00:00+00:00,1944.5,1951.0999755859373,1939.199951171875,1949.0999755859373,57979
2023-08-24 16:00:00+00:00,1949.0,1949.5,1944.5999755859373,1944.699951171875,17408
2023-08-24 20:00:00+00:00,1944.699951171875,1947.0999755859373,1943.5999755859373,1943.699951171875,2799
2023-08-25 00:00:00+00:00,1943.699951171875,1945.699951171875,1940.9000244140625,1940.9000244140625,14013
2023-08-25 04:00:00+00:00,1941.0999755859373,1943.800048828125,1940.4000244140625,1941.800048828125,14702
2023-08-25 08:00:00+00:00,1941.800048828125,1946.0999755859373,1940.800048828125,1945.9000244140625,10765
2023-08-25 12:00:00+00:00,1946.0,1950.4000244140625,1931.0,1935.300048828125,96714
2023-08-25 16:00:00+00:00,1935.4000244140625,1942.800048828125,1935.0999755859373,1942.199951171875,23646
2023-08-25 20:00:00+00:00,1942.199951171875,1942.800048828125,1941.0999755859373,1942.4000244140625,1866
2023-08-27 20:00:00+00:00,1944.0,1944.4000244140625,1941.699951171875,1942.4000244140625,2210
2023-08-28 00:00:00+00:00,1942.5,1945.199951171875,1942.0999755859373,1944.0999755859373,8974
2023-08-28 04:00:00+00:00,1944.0,1945.5999755859373,1941.5999755859373,1941.800048828125,14524
2023-08-28 08:00:00+00:00,1941.800048828125,1942.9000244140625,1940.800048828125,1942.199951171875,8990
2023-08-28 12:00:00+00:00,1942.199951171875,1954.199951171875,1940.0999755859373,1953.0,52211
2023-08-28 16:00:00+00:00,1953.0,1953.5,1944.4000244140625,1947.699951171875,25331
2023-08-28 20:00:00+00:00,1947.699951171875,1949.300048828125,1947.5,1948.800048828125,2032
2023-08-29 00:00:00+00:00,1948.9000244140625,1953.699951171875,1948.5999755859373,1953.199951171875,9648
2023-08-29 04:00:00+00:00,1953.199951171875,1953.4000244140625,1949.199951171875,1950.800048828125,13127
2023-08-29 08:00:00+00:00,1950.800048828125,1952.0,1944.199951171875,1944.699951171875,14914
2023-08-29 12:00:00+00:00,1944.699951171875,1965.699951171875,1941.699951171875,1964.800048828125,101536
2023-08-29 16:00:00+00:00,1964.800048828125,1966.5,1962.0,1966.0,27181
2023-08-29 20:00:00+00:00,1966.0,1966.0999755859373,1963.800048828125,1963.9000244140625,2951
2023-08-30 00:00:00+00:00,1963.9000244140625,1965.5999755859373,1963.0999755859373,1964.699951171875,10663
2023-08-30 04:00:00+00:00,1964.699951171875,1965.0,1962.800048828125,1964.300048828125,11191
2023-08-30 08:00:00+00:00,1964.4000244140625,1967.699951171875,1963.0999755859373,1967.0999755859373,14822
2023-08-30 12:00:00+00:00,1967.0999755859373,1977.0999755859373,1966.5999755859373,1973.0,77357
2023-08-30 16:00:00+00:00,1972.9000244140625,1973.699951171875,1970.800048828125,1971.5,19436
2023-08-30 20:00:00+00:00,1971.5999755859373,1972.300048828125,1969.0,1971.199951171875,4319
2023-08-31 00:00:00+00:00,1971.199951171875,1974.5999755859373,1971.0999755859373,1972.0999755859373,9051
2023-08-31 04:00:00+00:00,1971.9000244140625,1972.800048828125,1969.9000244140625,1971.800048828125,10677
2023-08-31 08:00:00+00:00,1971.699951171875,1972.800048828125,1970.300048828125,1972.5,11212
2023-08-31 12:00:00+00:00,1972.5999755859373,1974.9000244140625,1965.5999755859373,1967.199951171875,64085
2023-08-31 16:00:00+00:00,1967.199951171875,1969.199951171875,1965.5,1966.699951171875,24387
2023-08-31 20:00:00+00:00,1966.699951171875,1967.199951171875,1965.5,1966.300048828125,2327
2023-09-01 00:00:00+00:00,1966.4000244140625,1970.800048828125,1965.0,1965.5,10827
2023-09-01 04:00:00+00:00,1965.4000244140625,1969.9000244140625,1964.5999755859373,1969.5999755859373,9445
2023-09-01 08:00:00+00:00,1969.5999755859373,1972.4000244140625,1968.300048828125,1971.0999755859373,9955
2023-09-01 12:00:00+00:00,1971.0999755859373,1980.199951171875,1960.699951171875,1965.199951171875,105508
2023-09-01 16:00:00+00:00,1965.0999755859373,1968.0,1963.5,1966.800048828125,19128
2023-09-01 20:00:00+00:00,1966.9000244140625,1967.0999755859373,1965.800048828125,1966.199951171875,1704
2023-09-03 20:00:00+00:00,1966.699951171875,1967.0999755859373,1965.300048828125,1966.699951171875,1458
2023-09-04 00:00:00+00:00,1966.5,1972.199951171875,1966.199951171875,1971.0999755859373,7349
2023-09-05 04:00:00+00:00,1962.800048828125,1964.699951171875,1960.5999755859373,1961.300048828125,13961
2023-09-05 08:00:00+00:00,1961.199951171875,1961.300048828125,1955.0999755859373,1955.800048828125,22677
2023-09-05 12:00:00+00:00,1955.800048828125,1960.4000244140625,1950.5999755859373,1951.5,64688
2023-09-05 16:00:00+00:00,1951.4000244140625,1953.4000244140625,1950.800048828125,1951.300048828125,18019
2023-09-05 20:00:00+00:00,1951.4000244140625,1952.0999755859373,1950.9000244140625,1951.9000244140625,2366
2023-09-06 00:00:00+00:00,1951.9000244140625,1951.9000244140625,1949.4000244140625,1951.5,9044
2023-09-06 04:00:00+00:00,1951.5999755859373,1953.699951171875,1947.5,1948.0,15540
2023-09-06 08:00:00+00:00,1948.0,1952.9000244140625,1947.5999755859373,1950.5999755859373,13758
2023-09-06 12:00:00+00:00,1950.5,1954.5,1940.0,1941.9000244140625,81166
2023-09-06 16:00:00+00:00,1941.800048828125,1945.800048828125,1941.0999755859373,1942.0,22472
2023-09-06 20:00:00+00:00,1941.9000244140625,1942.4000244140625,1941.0,1941.199951171875,2188
2023-09-07 00:00:00+00:00,1941.199951171875,1944.699951171875,1940.4000244140625,1944.300048828125,9389
2023-09-07 04:00:00+00:00,1944.0999755859373,1944.300048828125,1941.199951171875,1942.5999755859373,11543
2023-09-07 08:00:00+00:00,1942.5,1947.5,1941.5,1946.0999755859373,12469
2023-09-07 12:00:00+00:00,1946.0,1947.9000244140625,1940.300048828125,1945.0,58542
2023-09-07 16:00:00+00:00,1945.0,1945.5,1941.4000244140625,1943.0,18162
2023-09-07 20:00:00+00:00,1943.0,1944.0999755859373,1943.0,1944.0999755859373,2648
2023-09-08 00:00:00+00:00,1944.0,1951.300048828125,1943.9000244140625,1949.0,15428
2023-09-08 04:00:00+00:00,1948.9000244140625,1951.4000244140625,1947.5,1947.9000244140625,10789
2023-09-08 08:00:00+00:00,1947.9000244140625,1949.699951171875,1946.300048828125,1946.699951171875,11065
2023-09-08 12:00:00+00:00,1946.800048828125,1954.0,1942.9000244140625,1943.300048828125,72638
2023-09-08 16:00:00+00:00,1943.4000244140625,1944.300048828125,1940.800048828125,1942.699951171875,22567
2023-09-08 20:00:00+00:00,1942.699951171875,1943.0999755859373,1942.199951171875,1942.5999755859373,1545
2023-09-10 20:00:00+00:00,1943.300048828125,1944.5999755859373,1939.5,1942.199951171875,3905
2023-09-11 00:00:00+00:00,1942.199951171875,1947.4000244140625,1941.5999755859373,1946.300048828125,9719
2023-09-11 04:00:00+00:00,1946.4000244140625,1954.5999755859373,1946.0999755859373,1950.0999755859373,24071
2023-09-11 08:00:00+00:00,1950.0,1951.699951171875,1948.0,1948.699951171875,15892
2023-09-11 12:00:00+00:00,1948.699951171875,1953.800048828125,1944.5999755859373,1946.300048828125,58671
2023-09-11 16:00:00+00:00,1946.300048828125,1948.4000244140625,1944.5999755859373,1945.800048828125,15287
2023-09-11 20:00:00+00:00,1945.699951171875,1946.0,1944.4000244140625,1944.5999755859373,2435
2023-09-12 00:00:00+00:00,1944.4000244140625,1947.5,1943.199951171875,1946.9000244140625,11592
2023-09-12 04:00:00+00:00,1946.800048828125,1947.4000244140625,1941.4000244140625,1941.800048828125,15903
2023-09-12 08:00:00+00:00,1941.800048828125,1944.0,1933.5999755859373,1935.5999755859373,35037
2023-09-12 12:00:00+00:00,1935.5,1937.5999755859373,1929.9000244140625,1935.0999755859373,66670
2023-09-12 16:00:00+00:00,1935.199951171875,1937.800048828125,1934.5,1935.800048828125,21461
2023-09-12 20:00:00+00:00,1935.800048828125,1936.300048828125,1934.800048828125,1935.199951171875,3516
2023-09-13 00:00:00+00:00,1935.0999755859373,1936.0,1930.300048828125,1931.5999755859373,14145
2023-09-13 04:00:00+00:00,1931.5999755859373,1935.0,1930.4000244140625,1934.199951171875,19278
2023-09-13 08:00:00+00:00,1934.300048828125,1935.4000244140625,1933.0999755859373,1934.5999755859373,16416
2023-09-13 12:00:00+00:00,1934.5999755859373,1938.4000244140625,1927.199951171875,1932.800048828125,82836
2023-09-13 16:00:00+00:00,1932.9000244140625,1934.0,1930.300048828125,1931.300048828125,20110
2023-09-13 20:00:00+00:00,1931.300048828125,1931.5,1929.199951171875,1930.9000244140625,2869
2023-09-14 00:00:00+00:00,1930.800048828125,1934.5,1930.300048828125,1931.199951171875,14029
2023-09-14 04:00:00+00:00,1931.0999755859373,1932.5,1926.300048828125,1927.0,23764
2023-09-14 08:00:00+00:00,1926.9000244140625,1930.300048828125,1926.5999755859373,1928.699951171875,18062
2023-09-14 12:00:00+00:00,1928.699951171875,1933.0,1921.699951171875,1929.300048828125,110024
2023-09-14 16:00:00+00:00,1929.4000244140625,1933.800048828125,1929.300048828125,1931.0999755859373,25472
2023-09-14 20:00:00+00:00,1931.0,1932.699951171875,1930.800048828125,1931.199951171875,2925
2023-09-15 00:00:00+00:00,1931.300048828125,1937.5999755859373,1931.300048828125,1937.0999755859373,16139
2023-09-15 04:00:00+00:00,1937.199951171875,1941.0999755859373,1936.4000244140625,1939.4000244140625,27341
2023-09-15 08:00:00+00:00,1939.300048828125,1941.5,1938.0999755859373,1940.699951171875,18327
2023-09-15 12:00:00+00:00,1940.800048828125,1952.4000244140625,1937.4000244140625,1948.0999755859373,100840
2023-09-15 16:00:00+00:00,1948.199951171875,1949.5999755859373,1943.800048828125,1944.0,28056
2023-09-15 20:00:00+00:00,1944.0,1945.5999755859373,1943.9000244140625,1945.5999755859373,2488
2023-09-17 20:00:00+00:00,1945.699951171875,1946.0999755859373,1944.0,1944.800048828125,2320
2023-09-18 00:00:00+00:00,1944.800048828125,1950.5999755859373,1944.5999755859373,1950.199951171875,14980
2023-09-18 04:00:00+00:00,1949.699951171875,1951.5999755859373,1947.4000244140625,1947.5,19687
2023-09-18 08:00:00+00:00,1947.4000244140625,1949.5,1946.0999755859373,1948.0,15060
2023-09-18 12:00:00+00:00,1948.0,1950.9000244140625,1943.800048828125,1950.5,52438
2023-09-18 16:00:00+00:00,1950.5,1955.0999755859373,1949.199951171875,1954.5999755859373,27895
2023-09-18 20:00:00+00:00,1954.5999755859373,1956.0,1954.5,1955.5999755859373,3271
2023-09-19 00:00:00+00:00,1955.5999755859373,1956.0,1953.199951171875,1953.5999755859373,7471
2023-09-19 04:00:00+00:00,1953.5,1956.199951171875,1951.199951171875,1955.800048828125,15068
2023-09-19 08:00:00+00:00,1955.800048828125,1958.199951171875,1954.800048828125,1956.5999755859373,16276
2023-09-19 12:00:00+00:00,1956.5999755859373,1958.9000244140625,1951.699951171875,1954.300048828125,62574
2023-09-19 16:00:00+00:00,1954.4000244140625,1955.0999755859373,1950.9000244140625,1953.300048828125,22007
2023-09-19 20:00:00+00:00,1953.199951171875,1953.5999755859373,1952.0999755859373,1952.699951171875,2151
2023-09-20 00:00:00+00:00,1952.5999755859373,1952.800048828125,1949.0,1951.199951171875,8577
2023-09-20 04:00:00+00:00,1951.4000244140625,1953.0999755859373,1948.5999755859373,1949.4000244140625,15340
2023-09-20 08:00:00+00:00,1949.4000244140625,1953.699951171875,1949.4000244140625,1953.0,14344
2023-09-20 12:00:00+00:00,1952.9000244140625,1967.0999755859373,1951.800048828125,1963.0999755859373,90966
2023-09-20 16:00:00+00:00,1963.0999755859373,1968.9000244140625,1954.0,1954.199951171875,76111
2023-09-20 20:00:00+00:00,1954.199951171875,1954.9000244140625,1949.4000244140625,1949.5999755859373,8432
2023-09-21 00:00:00+00:00,1949.5999755859373,1949.699951171875,1944.199951171875,1947.9000244140625,22795
2023-09-21 04:00:00+00:00,1948.300048828125,1950.300048828125,1946.199951171875,1947.0,16526
2023-09-21 08:00:00+00:00,1947.0,1947.300048828125,1939.800048828125,1940.4000244140625,35172
2023-09-21 12:00:00+00:00,1940.4000244140625,1944.0,1933.0999755859373,1937.4000244140625,111576
2023-09-21 16:00:00+00:00,1937.5,1941.4000244140625,1935.800048828125,1940.0,25507
2023-09-21 20:00:00+00:00,1940.0,1941.199951171875,1939.5999755859373,1940.9000244140625,4178
2023-09-22 00:00:00+00:00,1940.9000244140625,1944.9000244140625,1940.800048828125,1943.0999755859373,12107
2023-09-22 04:00:00+00:00,1943.199951171875,1948.800048828125,1942.699951171875,1947.9000244140625,22094
2023-09-22 08:00:00+00:00,1947.9000244140625,1947.9000244140625,1944.0,1945.300048828125,19781
2023-09-22 12:00:00+00:00,1945.300048828125,1949.0999755859373,1943.800048828125,1947.5999755859373,57224
2023-09-22 16:00:00+00:00,1947.699951171875,1948.5,1944.0999755859373,1945.199951171875,19512
2023-09-22 20:00:00+00:00,1945.0999755859373,1945.300048828125,1944.4000244140625,1944.9000244140625,1645
2023-09-24 20:00:00+00:00,1944.699951171875,1946.0999755859373,1944.0,1944.300048828125,2671
2023-09-25 00:00:00+00:00,1944.4000244140625,1945.0,1942.0,1942.9000244140625,8306
2023-09-25 04:00:00+00:00,1942.9000244140625,1946.800048828125,1940.0999755859373,1942.9000244140625,18855
2023-09-25 08:00:00+00:00,1942.9000244140625,1944.5,1940.300048828125,1943.5,17988
2023-09-25 12:00:00+00:00,1943.5,1946.5,1933.800048828125,1936.699951171875,85535
2023-09-25 16:00:00+00:00,1936.699951171875,1937.5,1934.300048828125,1934.5999755859373,20476
2023-09-25 20:00:00+00:00,1934.699951171875,1935.5,1934.5,1934.9000244140625,2400
2023-09-26 00:00:00+00:00,1934.9000244140625,1935.0999755859373,1931.699951171875,1932.300048828125,12472
2023-09-26 04:00:00+00:00,1932.199951171875,1933.699951171875,1928.300048828125,1932.300048828125,17568
2023-09-26 08:00:00+00:00,1932.300048828125,1934.5999755859373,1929.0999755859373,1930.0999755859373,24947
2023-09-26 12:00:00+00:00,1930.0999755859373,1931.5,1918.699951171875,1920.699951171875,102027
2023-09-26 16:00:00+00:00,1920.699951171875,1922.0,1917.199951171875,1918.9000244140625,41277
2023-09-26 20:00:00+00:00,1918.9000244140625,1919.800048828125,1918.4000244140625,1919.4000244140625,3629
2023-09-27 00:00:00+00:00,1919.4000244140625,1921.699951171875,1917.300048828125,1917.9000244140625,13067
2023-09-27 04:00:00+00:00,1917.9000244140625,1917.9000244140625,1913.0,1914.5,24628
2023-09-27 08:00:00+00:00,1914.5,1915.800048828125,1910.300048828125,1910.9000244140625,24451
2023-09-27 12:00:00+00:00,1911.0,1911.199951171875,1897.300048828125,1899.300048828125,98924
2023-09-27 16:00:00+00:00,1899.300048828125,1899.5,1890.300048828125,1894.800048828125,54672
2023-09-27 20:00:00+00:00,1894.800048828125,1895.0999755859373,1892.800048828125,1894.9000244140625,5316
2023-09-28 00:00:00+00:00,1895.0,1895.300048828125,1890.5,1891.5999755859373,13550
2023-09-28 04:00:00+00:00,1891.4000244140625,1895.199951171875,1890.5,1892.699951171875,27303
2023-09-28 08:00:00+00:00,1892.699951171875,1894.300048828125,1890.699951171875,1893.0999755859373,20501
2023-09-28 12:00:00+00:00,1893.199951171875,1896.800048828125,1874.5,1881.9000244140625,113432
2023-09-28 16:00:00+00:00,1882.0,1884.300048828125,1877.800048828125,1884.0999755859373,33278
2023-09-28 20:00:00+00:00,1884.0,1884.199951171875,1878.5999755859373,1883.5999755859373,6427
2023-09-29 00:00:00+00:00,1883.5,1884.0999755859373,1879.5999755859373,1879.9000244140625,9767
2023-09-29 04:00:00+00:00,1879.9000244140625,1890.699951171875,1879.5999755859373,1890.199951171875,23536
2023-09-29 08:00:00+00:00,1890.0999755859373,1890.4000244140625,1883.9000244140625,1885.9000244140625,24254
2023-09-29 12:00:00+00:00,1885.9000244140625,1896.699951171875,1868.300048828125,1870.9000244140625,118746
2023-09-29 16:00:00+00:00,1870.9000244140625,1872.5999755859373,1862.300048828125,1864.4000244140625,49420
2023-09-29 20:00:00+00:00,1864.300048828125,1866.0999755859373,1863.800048828125,1864.5999755859373,3625
2023-10-01 20:00:00+00:00,1864.4000244140625,1864.699951171875,1861.199951171875,1863.9000244140625,4456
2023-10-02 00:00:00+00:00,1864.0,1864.5,1858.5999755859373,1859.300048828125,9939
2023-10-02 04:00:00+00:00,1859.300048828125,1862.199951171875,1854.9000244140625,1855.4000244140625,21299
2023-10-02 08:00:00+00:00,1855.300048828125,1858.9000244140625,1848.5999755859373,1853.199951171875,34899
2023-10-02 12:00:00+00:00,1853.199951171875,1856.5,1842.699951171875,1848.4000244140625,88013
2023-10-02 16:00:00+00:00,1848.4000244140625,1849.5999755859373,1845.300048828125,1845.5,29434
2023-10-02 20:00:00+00:00,1845.5999755859373,1845.9000244140625,1836.4000244140625,1841.0,10880
2023-10-03 00:00:00+00:00,1840.9000244140625,1841.199951171875,1831.0,1836.0999755859373,17930
2023-10-03 04:00:00+00:00,1836.199951171875,1840.0999755859373,1834.0,1839.5,20133
2023-10-03 08:00:00+00:00,1839.5999755859373,1844.9000244140625,1839.4000244140625,1841.699951171875,22625
2023-10-03 12:00:00+00:00,1841.699951171875,1849.300048828125,1834.5999755859373,1840.5,106540
2023-10-03 16:00:00+00:00,1840.5999755859373,1844.0,1837.699951171875,1840.0,29025
2023-10-03 20:00:00+00:00,1839.9000244140625,1841.0,1838.0,1839.0,4818
2023-10-04 00:00:00+00:00,1838.9000244140625,1840.5,1834.5,1835.4000244140625,13840
2023-10-04 04:00:00+00:00,1835.9000244140625,1838.9000244140625,1831.5999755859373,1838.4000244140625,18471
2023-10-04 08:00:00+00:00,1838.4000244140625,1842.5999755859373,1835.699951171875,1840.199951171875,24771
2023-10-04 12:00:00+00:00,1840.199951171875,1846.800048828125,1832.0999755859373,1839.0999755859373,94520
2023-10-04 16:00:00+00:00,1839.199951171875,1839.4000244140625,1831.5999755859373,1838.699951171875,28765
2023-10-04 20:00:00+00:00,1838.699951171875,1838.800048828125,1835.699951171875,1837.0999755859373,4560
2023-10-05 00:00:00+00:00,1837.0999755859373,1843.0,1836.199951171875,1842.5,11108
2023-10-05 04:00:00+00:00,1842.699951171875,1843.5,1833.699951171875,1834.5999755859373,19325
2023-10-05 08:00:00+00:00,1834.5999755859373,1838.0,1833.5999755859373,1836.9000244140625,17386
2023-10-05 12:00:00+00:00,1836.800048828125,1837.800048828125,1826.199951171875,1829.0,82705
2023-10-05 16:00:00+00:00,1829.0999755859373,1834.9000244140625,1828.4000244140625,1834.4000244140625,27995
2023-10-05 20:00:00+00:00,1834.4000244140625,1837.199951171875,1833.4000244140625,1835.0999755859373,3716
2023-10-06 00:00:00+00:00,1835.0,1838.199951171875,1833.300048828125,1837.800048828125,7614
2023-10-06 04:00:00+00:00,1837.800048828125,1838.4000244140625,1832.0999755859373,1835.0,12266
2023-10-06 08:00:00+00:00,1834.9000244140625,1838.800048828125,1832.800048828125,1834.699951171875,17210
2023-10-06 12:00:00+00:00,1834.699951171875,1849.0,1823.5,1846.699951171875,149427
2023-10-06 16:00:00+00:00,1846.5999755859373,1847.9000244140625,1842.5999755859373,1843.300048828125,32519
2023-10-06 20:00:00+00:00,1843.300048828125,1847.0999755859373,1842.800048828125,1847.0,2776
2023-10-08 20:00:00+00:00,1861.0,1869.5,1859.4000244140625,1862.0999755859373,17055
2023-10-09 00:00:00+00:00,1862.199951171875,1867.0999755859373,1860.300048828125,1865.0999755859373,17063
2023-10-09 04:00:00+00:00,1865.0,1868.300048828125,1861.5999755859373,1864.0999755859373,24579
2023-10-09 08:00:00+00:00,1864.0,1865.800048828125,1862.5999755859373,1863.5,15489
2023-10-09 12:00:00+00:00,1863.5999755859373,1867.0,1857.5,1865.4000244140625,66056
2023-10-09 16:00:00+00:00,1865.4000244140625,1877.300048828125,1862.300048828125,1877.0999755859373,37706
2023-10-09 20:00:00+00:00,1877.0,1877.0999755859373,1874.0999755859373,1876.300048828125,5120
2023-10-10 00:00:00+00:00,1876.4000244140625,1879.0999755859373,1874.9000244140625,1875.9000244140625,14969
2023-10-10 04:00:00+00:00,1875.9000244140625,1876.0,1868.4000244140625,1870.5999755859373,22961
2023-10-10 08:00:00+00:00,1870.5999755859373,1873.4000244140625,1867.699951171875,1870.4000244140625,22912
2023-10-10 12:00:00+00:00,1870.4000244140625,1875.5999755859373,1866.0999755859373,1874.5999755859373,59069
2023-10-10 16:00:00+00:00,1874.5999755859373,1876.300048828125,1871.5999755859373,1873.699951171875,27843
2023-10-10 20:00:00+00:00,1873.800048828125,1874.4000244140625,1872.699951171875,1873.199951171875,2660
2023-10-11 00:00:00+00:00,1873.199951171875,1875.699951171875,1873.0,1873.300048828125,8933
2023-10-11 04:00:00+00:00,1873.4000244140625,1881.800048828125,1871.699951171875,1881.5999755859373,20606
2023-10-11 08:00:00+00:00,1881.4000244140625,1888.4000244140625,1880.4000244140625,1884.5999755859373,29886
2023-10-11 12:00:00+00:00,1884.5999755859373,1888.5999755859373,1877.199951171875,1886.5,65505
2023-10-11 16:00:00+00:00,1886.5999755859373,1890.9000244140625,1884.4000244140625,1887.0999755859373,34720
2023-10-11 20:00:00+00:00,1887.0999755859373,1888.699951171875,1886.800048828125,1888.199951171875,2221
2023-10-12 00:00:00+00:00,1888.199951171875,1892.0999755859373,1887.4000244140625,1890.4000244140625,14165
2023-10-12 04:00:00+00:00,1890.5999755859373,1895.5,1889.5999755859373,1891.4000244140625,17103
2023-10-12 08:00:00+00:00,1891.4000244140625,1897.300048828125,1891.0999755859373,1896.199951171875,17234
2023-10-12 12:00:00+00:00,1896.4000244140625,1898.300048828125,1883.0999755859373,1885.0,77520
2023-10-12 16:00:00+00:00,1885.0,1886.4000244140625,1880.5999755859373,1881.0999755859373,28472
2023-10-12 20:00:00+00:00,1881.199951171875,1883.5999755859373,1881.0999755859373,1882.9000244140625,1975
2023-10-13 00:00:00+00:00,1882.9000244140625,1886.4000244140625,1882.5999755859373,1886.0,9221
2023-10-13 04:00:00+00:00,1886.0,1895.699951171875,1885.9000244140625,1894.5999755859373,21012
2023-10-13 08:00:00+00:00,1894.699951171875,1912.800048828125,1894.5,1909.300048828125,48919
2023-10-13 12:00:00+00:00,1909.300048828125,1936.5,1909.300048828125,1936.300048828125,158207
2023-10-13 16:00:00+00:00,1936.300048828125,1944.300048828125,1935.5,1941.9000244140625,54257
2023-10-13 20:00:00+00:00,1941.9000244140625,1946.199951171875,1941.5999755859373,1945.9000244140625,3947
2023-10-15 20:00:00+00:00,1941.300048828125,1943.0,1933.9000244140625,1938.5,12414
2023-10-16 00:00:00+00:00,1938.4000244140625,1938.5999755859373,1930.9000244140625,1933.199951171875,17448
2023-10-16 04:00:00+00:00,1933.199951171875,1933.5999755859373,1921.199951171875,1924.5999755859373,28600
2023-10-16 08:00:00+00:00,1924.5999755859373,1930.9000244140625,1922.699951171875,1928.300048828125,29020
2023-10-16 12:00:00+00:00,1928.300048828125,1937.199951171875,1927.0,1934.300048828125,65335
2023-10-16 16:00:00+00:00,1934.4000244140625,1935.699951171875,1930.699951171875,1932.0999755859373,19308
2023-10-16 20:00:00+00:00,1932.0,1934.5,1931.4000244140625,1932.0,3388
2023-10-17 00:00:00+00:00,1932.0,1932.5999755859373,1924.5999755859373,1929.199951171875,12070
2023-10-17 04:00:00+00:00,1929.4000244140625,1934.0999755859373,1926.800048828125,1932.5999755859373,14926
2023-10-17 08:00:00+00:00,1932.5999755859373,1939.0,1931.0999755859373,1936.5999755859373,20468
2023-10-17 12:00:00+00:00,1936.5999755859373,1944.5,1931.5999755859373,1939.699951171875,77223
2023-10-17 16:00:00+00:00,1939.5999755859373,1939.5999755859373,1931.9000244140625,1935.4000244140625,28221
2023-10-17 20:00:00+00:00,1935.4000244140625,1938.199951171875,1934.9000244140625,1937.199951171875,2851
2023-10-18 00:00:00+00:00,1937.300048828125,1955.9000244140625,1936.300048828125,1950.0,30195
2023-10-18 04:00:00+00:00,1950.199951171875,1952.9000244140625,1948.0,1952.4000244140625,19216
2023-10-18 08:00:00+00:00,1952.300048828125,1960.4000244140625,1949.9000244140625,1959.0,31134
2023-10-18 12:00:00+00:00,1959.0,1975.800048828125,1952.9000244140625,1957.9000244140625,135222
2023-10-18 16:00:00+00:00,1958.0,1969.5,1957.199951171875,1963.4000244140625,37467
2023-10-18 20:00:00+00:00,1963.4000244140625,1963.699951171875,1959.4000244140625,1962.699951171875,7318
2023-10-19 00:00:00+00:00,1962.699951171875,1965.0999755859373,1957.199951171875,1958.199951171875,16742
2023-10-19 04:00:00+00:00,1958.0,1964.5999755859373,1957.0,1961.0,18313
2023-10-19 08:00:00+00:00,1960.9000244140625,1966.5999755859373,1959.5,1963.9000244140625,22336
2023-10-19 12:00:00+00:00,1963.9000244140625,1972.199951171875,1961.4000244140625,1968.0,85608
2023-10-19 16:00:00+00:00,1968.0999755859373,1990.199951171875,1963.800048828125,1986.800048828125,103261
2023-10-19 20:00:00+00:00,1986.9000244140625,1994.300048828125,1984.4000244140625,1989.0,10801
2023-10-20 00:00:00+00:00,1988.9000244140625,1993.800048828125,1983.699951171875,1989.5999755859373,22382
2023-10-20 04:00:00+00:00,1989.5999755859373,1993.800048828125,1985.9000244140625,1991.9000244140625,22921
2023-10-20 08:00:00+00:00,1991.9000244140625,1997.5999755859373,1987.800048828125,1989.0999755859373,37182
2023-10-20 12:00:00+00:00,1989.0,2009.199951171875,1984.699951171875,2003.300048828125,113016
2023-10-20 16:00:00+00:00,2003.4000244140625,2004.4000244140625,1985.5999755859373,1991.5,68585
2023-10-20 20:00:00+00:00,1991.4000244140625,1993.9000244140625,1990.699951171875,1993.0999755859373,2677
2023-10-22 20:00:00+00:00,1987.699951171875,1989.9000244140625,1971.0,1982.800048828125,8093
2023-10-23 00:00:00+00:00,1982.699951171875,1986.300048828125,1975.5,1984.9000244140625,22187
2023-10-23 04:00:00+00:00,1984.9000244140625,1991.300048828125,1984.0999755859373,1991.0,19099
2023-10-23 08:00:00+00:00,1990.9000244140625,1994.300048828125,1986.5999755859373,1990.9000244140625,25392
2023-10-23 12:00:00+00:00,1990.800048828125,1993.4000244140625,1981.300048828125,1986.5999755859373,85697
2023-10-23 16:00:00+00:00,1986.5999755859373,1990.9000244140625,1982.5999755859373,1984.800048828125,39711
2023-10-23 20:00:00+00:00,1984.800048828125,1985.199951171875,1982.5999755859373,1984.5999755859373,4786
2023-10-24 00:00:00+00:00,1984.699951171875,1992.0,1983.5999755859373,1987.9000244140625,17814
2023-10-24 04:00:00+00:00,1987.800048828125,1990.300048828125,1985.4000244140625,1986.5,14899
2023-10-24 08:00:00+00:00,1986.5999755859373,1987.0999755859373,1964.5999755859373,1974.699951171875,52182
2023-10-24 12:00:00+00:00,1974.699951171875,1981.5,1970.0,1981.0999755859373,66975
2023-10-24 16:00:00+00:00,1981.0999755859373,1989.0,1980.199951171875,1984.0,34988
2023-10-24 20:00:00+00:00,1984.0,1984.5,1981.199951171875,1983.699951171875,3769
2023-10-25 00:00:00+00:00,1983.800048828125,1987.9000244140625,1981.5999755859373,1983.5999755859373,14854
2023-10-25 04:00:00+00:00,1983.800048828125,1986.9000244140625,1979.199951171875,1982.199951171875,19442
2023-10-25 08:00:00+00:00,1982.199951171875,1987.5999755859373,1980.199951171875,1985.800048828125,23146
2023-10-25 12:00:00+00:00,1985.800048828125,1998.5999755859373,1973.5999755859373,1992.4000244140625,133157
2023-10-25 16:00:00+00:00,1992.300048828125,1997.199951171875,1987.4000244140625,1992.0,38972
2023-10-25 20:00:00+00:00,1992.0,1994.5999755859373,1988.5999755859373,1992.800048828125,7050
2023-10-26 00:00:00+00:00,1992.800048828125,1997.4000244140625,1992.300048828125,1997.300048828125,14245
2023-10-26 04:00:00+00:00,1997.300048828125,2000.5,1994.0999755859373,2000.5,25339
2023-10-26 08:00:00+00:00,2000.4000244140625,2003.699951171875,1992.5999755859373,1994.4000244140625,31837
2023-10-26 12:00:00+00:00,1994.4000244140625,1996.699951171875,1981.5999755859373,1990.199951171875,88546
2023-10-26 16:00:00+00:00,1990.199951171875,1999.699951171875,1989.5999755859373,1994.699951171875,39083
2023-10-26 20:00:00+00:00,1994.699951171875,1996.800048828125,1993.5,1994.300048828125,4120
2023-10-27 00:00:00+00:00,1994.300048828125,1998.5,1992.800048828125,1997.5999755859373,11892
2023-10-27 04:00:00+00:00,1997.800048828125,1999.800048828125,1995.5,1997.199951171875,14699
2023-10-27 08:00:00+00:00,1997.199951171875,1997.9000244140625,1989.5999755859373,1991.699951171875,19027
2023-10-27 12:00:00+00:00,1991.5999755859373,1996.199951171875,1986.4000244140625,1989.800048828125,80537
2023-10-27 16:00:00+00:00,1989.800048828125,2019.699951171875,1989.0,2016.800048828125,73336
2023-10-27 20:00:00+00:00,2016.800048828125,2016.9000244140625,2014.4000244140625,2016.199951171875,4085
2023-10-29 20:00:00+00:00,2013.5,2016.699951171875,2007.0999755859373,2012.800048828125,11170
2023-10-30 00:00:00+00:00,2012.800048828125,2016.800048828125,2011.0999755859373,2012.0,12395
2023-10-30 04:00:00+00:00,2011.699951171875,2012.300048828125,2002.800048828125,2003.0,17234
2023-10-30 08:00:00+00:00,2003.0999755859373,2007.0,1999.699951171875,2005.300048828125,26411
2023-10-30 12:00:00+00:00,2005.4000244140625,2012.4000244140625,2001.5,2008.800048828125,78552
2023-10-30 16:00:00+00:00,2008.9000244140625,2010.5,2004.300048828125,2005.699951171875,29115
2023-10-30 20:00:00+00:00,2005.699951171875,2006.5999755859373,2003.5999755859373,2004.9000244140625,3790
2023-10-31 00:00:00+00:00,2004.800048828125,2006.5,2001.0,2001.0999755859373,10011
2023-10-31 04:00:00+00:00,2001.5,2007.0,1999.9000244140625,2005.5999755859373,11707
2023-10-31 08:00:00+00:00,2005.5,2009.699951171875,2004.199951171875,2009.300048828125,18302
2023-10-31 12:00:00+00:00,2009.199951171875,2017.699951171875,2001.5,2003.4000244140625,101891
2023-10-31 16:00:00+00:00,2003.300048828125,2004.0,1987.4000244140625,1993.5999755859373,59199
2023-10-31 20:00:00+00:00,1993.5999755859373,1994.800048828125,1991.800048828125,1992.5999755859373,3713
2023-11-01 00:00:00+00:00,1992.5,1992.9000244140625,1985.4000244140625,1985.5999755859373,13155
2023-11-01 04:00:00+00:00,1985.5999755859373,1989.5,1983.699951171875,1985.699951171875,12813
2023-11-01 08:00:00+00:00,1985.800048828125,1994.199951171875,1985.699951171875,1992.4000244140625,17708
2023-11-01 12:00:00+00:00,1992.4000244140625,2005.9000244140625,1986.800048828125,1988.0,79456
2023-11-01 16:00:00+00:00,1988.0,1991.300048828125,1978.199951171875,1987.199951171875,60151
2023-11-01 20:00:00+00:00,1987.0999755859373,1993.9000244140625,1985.699951171875,1993.4000244140625,8187
2023-11-02 00:00:00+00:00,1993.300048828125,1996.0,1991.0999755859373,1993.199951171875,12240
2023-11-02 04:00:00+00:00,1993.300048828125,1994.4000244140625,1991.4000244140625,1993.199951171875,13081
2023-11-02 08:00:00+00:00,1993.199951171875,1998.300048828125,1992.199951171875,1996.300048828125,17504
2023-11-02 12:00:00+00:00,1996.4000244140625,1999.199951171875,1986.300048828125,1988.800048828125,75530
2023-11-02 16:00:00+00:00,1988.800048828125,1994.4000244140625,1986.4000244140625,1993.0,25808
2023-11-02 20:00:00+00:00,1993.0,1994.0999755859373,1991.800048828125,1992.4000244140625,2340
2023-11-03 00:00:00+00:00,1992.5,1995.4000244140625,1990.5999755859373,1992.699951171875,8051
2023-11-03 04:00:00+00:00,1993.0999755859373,1996.800048828125,1992.0999755859373,1994.0999755859373,11370
2023-11-03 08:00:00+00:00,1994.0,1997.5999755859373,1993.699951171875,1995.0,16457
2023-11-03 12:00:00+00:00,1995.0,2011.9000244140625,1989.300048828125,1999.199951171875,141319
2023-11-03 16:00:00+00:00,1999.300048828125,2002.5999755859373,1996.699951171875,2000.0,30695
2023-11-03 20:00:00+00:00,1999.9000244140625,2000.300048828125,1999.300048828125,1999.9000244140625,1544
2023-11-05 20:00:00+00:00,1999.4000244140625,2000.0999755859373,1994.199951171875,1995.5999755859373,2918
2023-11-06 00:00:00+00:00,1995.699951171875,2000.0,1988.800048828125,1992.199951171875,16664
2023-11-06 04:00:00+00:00,1992.199951171875,1992.199951171875,1989.0,1990.199951171875,12309
2023-11-06 08:00:00+00:00,1990.199951171875,1995.4000244140625,1989.5999755859373,1994.800048828125,17353
2023-11-06 12:00:00+00:00,1994.699951171875,1996.300048828125,1987.800048828125,1988.0,58069
2023-11-06 16:00:00+00:00,1988.0,1991.5,1985.800048828125,1987.0,29359
2023-11-06 20:00:00+00:00,1987.0,1987.0,1982.5,1983.5,5681
2023-11-07 00:00:00+00:00,1983.5,1983.800048828125,1978.9000244140625,1979.199951171875,19524
2023-11-07 04:00:00+00:00,1979.0999755859373,1980.800048828125,1973.5999755859373,1975.699951171875,22656
2023-11-07 08:00:00+00:00,1975.699951171875,1976.699951171875,1968.5999755859373,1970.199951171875,29337
2023-11-07 12:00:00+00:00,1970.199951171875,1974.0,1962.800048828125,1969.9000244140625,75750
2023-11-07 16:00:00+00:00,1969.9000244140625,1976.5999755859373,1968.199951171875,1974.199951171875,46335
2023-11-07 20:00:00+00:00,1974.0999755859373,1976.4000244140625,1973.5999755859373,1975.199951171875,4035
2023-11-08 00:00:00+00:00,1975.4000244140625,1977.5,1973.5999755859373,1973.800048828125,8590
2023-11-08 04:00:00+00:00,1973.800048828125,1975.300048828125,1971.0999755859373,1973.800048828125,10543
2023-11-08 08:00:00+00:00,1973.800048828125,1975.300048828125,1965.800048828125,1970.699951171875,21383
2023-11-08 12:00:00+00:00,1970.699951171875,1973.0,1956.800048828125,1961.699951171875,67812
2023-11-08 16:00:00+00:00,1961.5,1964.0,1953.4000244140625,1954.0,51894
2023-11-08 20:00:00+00:00,1954.0999755859373,1957.4000244140625,1953.199951171875,1956.0999755859373,8775
2023-11-09 00:00:00+00:00,1956.0999755859373,1959.800048828125,1952.800048828125,1954.199951171875,13446
2023-11-09 04:00:00+00:00,1954.199951171875,1955.5999755859373,1952.800048828125,1954.5,12581
2023-11-09 08:00:00+00:00,1954.5,1954.9000244140625,1948.300048828125,1953.800048828125,22777
2023-11-09 12:00:00+00:00,1953.800048828125,1970.4000244140625,1949.800048828125,1968.199951171875,74857
2023-11-09 16:00:00+00:00,1968.0999755859373,1971.5,1961.4000244140625,1963.699951171875,52732
2023-11-09 20:00:00+00:00,1963.699951171875,1965.5,1962.4000244140625,1963.5999755859373,6225
2023-11-10 00:00:00+00:00,1963.5999755859373,1965.5999755859373,1961.300048828125,1964.4000244140625,11500
2023-11-10 04:00:00+00:00,1964.4000244140625,1964.5,1958.0999755859373,1960.0,10304
2023-11-10 08:00:00+00:00,1960.0999755859373,1961.9000244140625,1951.5,1952.699951171875,20716
2023-11-10 12:00:00+00:00,1952.699951171875,1953.800048828125,1943.4000244140625,1946.4000244140625,85235
2023-11-10 16:00:00+00:00,1946.5,1947.9000244140625,1936.9000244140625,1939.5999755859373,73432
2023-11-10 20:00:00+00:00,1939.5999755859373,1943.0999755859373,1938.5,1942.699951171875,6993
2023-11-12 20:00:00+00:00,1943.4000244140625,1945.0,1941.300048828125,1944.5,2996
2023-11-13 00:00:00+00:00,1944.5,1946.0999755859373,1938.0999755859373,1939.4000244140625,14270
2023-11-13 04:00:00+00:00,1939.4000244140625,1945.300048828125,1938.4000244140625,1942.699951171875,13028
2023-11-13 08:00:00+00:00,1942.5999755859373,1944.5999755859373,1939.5999755859373,1941.9000244140625,23492
2023-11-13 12:00:00+00:00,1941.9000244140625,1943.0,1935.5999755859373,1942.5,52001
2023-11-13 16:00:00+00:00,1942.5,1953.5,1942.199951171875,1950.4000244140625,55152
2023-11-13 20:00:00+00:00,1950.4000244140625,1950.9000244140625,1949.5,1950.5999755859373,3884
2023-11-14 00:00:00+00:00,1950.5999755859373,1952.5999755859373,1948.4000244140625,1948.5999755859373,8814
2023-11-14 04:00:00+00:00,1948.5999755859373,1950.5,1947.4000244140625,1949.5,8531
2023-11-14 08:00:00+00:00,1949.4000244140625,1952.0,1948.0,1949.699951171875,16596
2023-11-14 12:00:00+00:00,1949.699951171875,1975.300048828125,1938.800048828125,1968.4000244140625,105688
2023-11-14 16:00:00+00:00,1968.4000244140625,1970.5999755859373,1965.300048828125,1967.800048828125,26280
2023-11-14 20:00:00+00:00,1967.9000244140625,1968.5999755859373,1966.0,1966.199951171875,7472
2023-11-15 00:00:00+00:00,1966.300048828125,1970.5999755859373,1965.0,1970.4000244140625,11089
2023-11-15 04:00:00+00:00,1970.4000244140625,1974.5999755859373,1969.5,1973.9000244140625,14333
2023-11-15 08:00:00+00:00,1974.0,1977.800048828125,1973.300048828125,1976.800048828125,15214
2023-11-15 12:00:00+00:00,1976.9000244140625,1979.199951171875,1958.800048828125,1966.800048828125,65509
2023-11-15 16:00:00+00:00,1966.9000244140625,1967.4000244140625,1962.5999755859373,1965.199951171875,26876
2023-11-15 20:00:00+00:00,1965.199951171875,1965.699951171875,1962.5999755859373,1963.300048828125,4533
2023-11-16 00:00:00+00:00,1963.300048828125,1964.9000244140625,1959.0,1964.0999755859373,11551
2023-11-16 04:00:00+00:00,1964.0999755859373,1970.4000244140625,1963.4000244140625,1969.300048828125,10804
2023-11-16 08:00:00+00:00,1969.0999755859373,1971.199951171875,1967.199951171875,1968.0999755859373,12328
2023-11-16 12:00:00+00:00,1968.199951171875,1989.5,1964.5,1987.9000244140625,94795
2023-11-16 16:00:00+00:00,1987.9000244140625,1991.0999755859373,1983.0999755859373,1986.5,46282
2023-11-16 20:00:00+00:00,1986.5,1987.300048828125,1983.5999755859373,1985.199951171875,5556
2023-11-17 00:00:00+00:00,1985.0999755859373,1989.5,1984.199951171875,1989.0999755859373,11008
2023-11-17 04:00:00+00:00,1989.0999755859373,1990.199951171875,1985.0,1990.199951171875,10094
2023-11-17 08:00:00+00:00,1990.199951171875,1996.4000244140625,1987.0999755859373,1991.5999755859373,24660
2023-11-17 12:00:00+00:00,1991.5999755859373,1994.4000244140625,1981.800048828125,1986.0,53255
2023-11-17 16:00:00+00:00,1986.0999755859373,1987.9000244140625,1981.0999755859373,1983.199951171875,25077
2023-11-17 20:00:00+00:00,1983.0999755859373,1983.800048828125,1981.699951171875,1983.5,3938
2023-11-19 20:00:00+00:00,1980.9000244140625,1981.4000244140625,1976.0,1977.0,2651
2023-11-20 00:00:00+00:00,1977.0,1987.800048828125,1975.800048828125,1984.9000244140625,15849
2023-11-20 04:00:00+00:00,1985.0,1986.0999755859373,1980.300048828125,1980.800048828125,13582
2023-11-20 08:00:00+00:00,1980.699951171875,1982.5999755859373,1973.5,1975.5999755859373,22157
2023-11-20 12:00:00+00:00,1975.5,1975.699951171875,1967.199951171875,1974.199951171875,76582
2023-11-20 16:00:00+00:00,1974.300048828125,1981.5,1973.5,1980.800048828125,36580
2023-11-20 20:00:00+00:00,1980.800048828125,1983.5,1979.300048828125,1983.0999755859373,4315
2023-11-21 00:00:00+00:00,1983.0999755859373,1995.9000244140625,1982.5999755859373,1994.9000244140625,20396
2023-11-21 04:00:00+00:00,1994.9000244140625,1996.199951171875,1991.300048828125,1994.300048828125,17254
2023-11-21 08:00:00+00:00,1994.300048828125,1996.199951171875,1986.0999755859373,1989.0,26215
2023-11-21 12:00:00+00:00,1989.0999755859373,2009.800048828125,1988.5,2006.5,107574
2023-11-21 16:00:00+00:00,2006.5,2007.5999755859373,1998.300048828125,2002.199951171875,45434
2023-11-21 20:00:00+00:00,2002.300048828125,2002.4000244140625,1999.800048828125,2001.4000244140625,4962
2023-11-22 00:00:00+00:00,2001.199951171875,2001.199951171875,1997.300048828125,1998.0999755859373,13234
2023-11-22 04:00:00+00:00,1998.0999755859373,2005.800048828125,1997.699951171875,2005.5,20358
2023-11-22 08:00:00+00:00,2005.4000244140625,2008.300048828125,2000.699951171875,2002.5,27461
2023-11-22 12:00:00+00:00,2002.4000244140625,2005.0999755859373,1991.5999755859373,1996.9000244140625,76876
2023-11-22 16:00:00+00:00,1996.9000244140625,1997.5,1988.5999755859373,1992.5,50103
2023-11-22 20:00:00+00:00,1992.5999755859373,1993.300048828125,1991.199951171875,1991.5,4507
2023-11-23 00:00:00+00:00,1991.5999755859373,1999.5,1991.300048828125,1998.800048828125,14304
2023-11-23 04:00:00+00:00,1998.9000244140625,1999.4000244140625,1994.199951171875,1997.300048828125,11997
2023-11-23 08:00:00+00:00,1997.300048828125,1997.4000244140625,1992.9000244140625,1994.5999755859373,17253
2023-11-23 12:00:00+00:00,1994.699951171875,1995.800048828125,1992.5,1993.199951171875,19693
2023-11-23 16:00:00+00:00,1993.0999755859373,1994.0,1990.9000244140625,1993.300048828125,8197
2023-11-23 20:00:00+00:00,1993.699951171875,1995.0999755859373,1993.300048828125,1994.800048828125,810
2023-11-24 00:00:00+00:00,1994.800048828125,1995.5999755859373,1992.0999755859373,1994.5,11722
2023-11-24 04:00:00+00:00,1994.5,1995.699951171875,1992.0999755859373,1994.5999755859373,6434
2023-11-24 12:00:00+00:00,2000.5,2004.5,1998.0999755859373,1999.0999755859373,26079
2023-11-24 16:00:00+00:00,1999.0999755859373,2003.5,1997.800048828125,2002.0,18180
2023-11-26 20:00:00+00:00,2002.5,2004.0999755859373,2001.4000244140625,2002.9000244140625,3157
2023-11-27 00:00:00+00:00,2003.0,2018.9000244140625,2002.5,2010.199951171875,31293
2023-11-27 04:00:00+00:00,2010.0999755859373,2014.4000244140625,2008.9000244140625,2011.5,27336
2023-11-27 08:00:00+00:00,2011.4000244140625,2016.0999755859373,2011.0999755859373,2013.4000244140625,34766
2023-11-27 12:00:00+00:00,2013.5,2017.5,2009.199951171875,2010.800048828125,92124
2023-11-27 16:00:00+00:00,2010.9000244140625,2014.199951171875,2006.0999755859373,2013.4000244140625,50929
2023-11-27 20:00:00+00:00,2013.4000244140625,2015.699951171875,2012.5,2015.5999755859373,7806
2023-11-28 00:00:00+00:00,2015.5999755859373,2018.199951171875,2013.800048828125,2014.9000244140625,11837
2023-11-28 04:00:00+00:00,2014.9000244140625,2017.0,2012.199951171875,2013.4000244140625,10633
2023-11-28 08:00:00+00:00,2013.5,2017.0,2012.699951171875,2015.5,18077
2023-11-28 12:00:00+00:00,2015.5999755859373,2032.5999755859373,2011.5,2031.800048828125,78081
2023-11-28 16:00:00+00:00,2031.699951171875,2044.0999755859373,2031.300048828125,2042.699951171875,48739
2023-11-28 20:00:00+00:00,2042.699951171875,2046.0999755859373,2040.5,2045.0999755859373,4290
2023-11-29 00:00:00+00:00,2045.300048828125,2052.10009765625,2043.800048828125,2045.0,2305
2023-11-29 04:00:00+00:00,2044.9000244140625,2049.800048828125,2041.699951171875,2043.300048828125,1502
2023-11-29 08:00:00+00:00,2043.199951171875,2064.60009765625,2036.0,2061.199951171875,66970
2023-11-29 12:00:00+00:00,2061.199951171875,2068.10009765625,2037.9000244140625,2064.199951171875,77015
2023-11-29 16:00:00+00:00,2064.10009765625,2070.800048828125,2040.699951171875,2067.39990234375,35589
2023-11-29 20:00:00+00:00,2067.5,2067.699951171875,2044.5,2064.800048828125,5785
2023-11-30 00:00:00+00:00,2064.800048828125,2067.39990234375,2062.60009765625,2066.199951171875,9345
2023-11-30 04:00:00+00:00,2066.199951171875,2067.0,2061.5,2064.5,12780
2023-11-30 08:00:00+00:00,2064.5,2065.60009765625,2055.300048828125,2057.10009765625,27134
2023-11-30 12:00:00+00:00,2056.89990234375,2066.60009765625,2051.199951171875,2057.89990234375,64700
2023-11-30 16:00:00+00:00,2057.89990234375,2061.39990234375,2053.5,2055.89990234375,23461
2023-11-30 20:00:00+00:00,2055.89990234375,2060.10009765625,2054.5,2059.5,4466
2023-12-01 00:00:00+00:00,2059.60009765625,2063.10009765625,2058.10009765625,2059.0,11483
2023-12-01 04:00:00+00:00,2058.89990234375,2062.5,2058.199951171875,2058.89990234375,7559
2023-12-01 08:00:00+00:00,2058.89990234375,2069.699951171875,2055.699951171875,2056.39990234375,27521
2023-12-01 12:00:00+00:00,2056.39990234375,2073.0,2052.60009765625,2069.0,72238
2023-12-01 16:00:00+00:00,2069.10009765625,2095.699951171875,2064.0,2087.0,99011
2023-12-01 20:00:00+00:00,2087.0,2092.10009765625,2086.39990234375,2091.699951171875,11388
2023-12-03 20:00:00+00:00,2094.39990234375,2152.300048828125,2091.89990234375,2136.5,48665
2023-12-04 00:00:00+00:00,2136.5,2138.39990234375,2102.699951171875,2105.5,44351
2023-12-04 04:00:00+00:00,2105.60009765625,2111.10009765625,2081.0,2083.0,36029
2023-12-04 08:00:00+00:00,2082.89990234375,2096.5,2077.39990234375,2089.800048828125,37637
2023-12-04 12:00:00+00:00,2089.800048828125,2090.39990234375,2038.4000244140625,2041.199951171875,138435
2023-12-04 16:00:00+00:00,2041.0,2050.300048828125,2039.300048828125,2049.60009765625,54195
2023-12-04 20:00:00+00:00,2049.60009765625,2052.5,2045.0,2052.39990234375,8638
2023-12-05 00:00:00+00:00,2052.300048828125,2059.60009765625,2051.10009765625,2055.699951171875,21992
2023-12-05 04:00:00+00:00,2055.699951171875,2056.60009765625,2048.300048828125,2051.0,18202
2023-12-05 08:00:00+00:00,2051.0,2057.800048828125,2039.5999755859373,2042.9000244140625,29006
2023-12-05 12:00:00+00:00,2042.800048828125,2049.0,2027.5999755859373,2034.300048828125,86834
2023-12-05 16:00:00+00:00,2034.300048828125,2038.800048828125,2030.0999755859373,2038.0,38000
2023-12-05 20:00:00+00:00,2037.9000244140625,2039.4000244140625,2035.300048828125,2037.0,4807
2023-12-06 00:00:00+00:00,2036.9000244140625,2041.800048828125,2036.800048828125,2040.699951171875,11224
2023-12-06 04:00:00+00:00,2040.800048828125,2053.39990234375,2038.0,2051.5,16325
2023-12-06 08:00:00+00:00,2051.5,2052.39990234375,2037.5999755859373,2039.0999755859373,27238
2023-12-06 12:00:00+00:00,2039.0,2051.0,2038.800048828125,2048.199951171875,58624
2023-12-06 16:00:00+00:00,2048.10009765625,2049.199951171875,2041.5,2047.800048828125,28555
2023-12-06 20:00:00+00:00,2047.699951171875,2047.800048828125,2042.4000244140625,2044.199951171875,5840
2023-12-07 00:00:00+00:00,2044.0,2047.0999755859373,2042.5,2043.800048828125,10920
2023-12-07 04:00:00+00:00,2043.699951171875,2047.4000244140625,2042.0999755859373,2046.0999755859373,19763
2023-12-07 08:00:00+00:00,2046.0999755859373,2052.199951171875,2045.300048828125,2049.60009765625,19259
2023-12-07 12:00:00+00:00,2049.39990234375,2057.199951171875,2041.5,2046.0,63936
2023-12-07 16:00:00+00:00,2045.9000244140625,2049.0,2036.5999755859373,2046.699951171875,45160
2023-12-07 20:00:00+00:00,2046.800048828125,2048.300048828125,2043.5,2044.5999755859373,3997
2023-12-08 00:00:00+00:00,2044.699951171875,2050.39990234375,2044.0999755859373,2048.89990234375,13741
2023-12-08 04:00:00+00:00,2048.800048828125,2048.800048828125,2045.199951171875,2047.4000244140625,10912
2023-12-08 08:00:00+00:00,2047.4000244140625,2048.699951171875,2042.699951171875,2046.4000244140625,32694
2023-12-08 12:00:00+00:00,2046.5,2048.0,2018.5,2025.300048828125,111390
2023-12-08 16:00:00+00:00,2025.199951171875,2026.0,2010.5999755859373,2016.5,50254
2023-12-08 20:00:00+00:00,2016.5999755859373,2021.199951171875,2015.800048828125,2020.5999755859373,7309
2023-12-10 20:00:00+00:00,2020.0,2023.4000244140625,2019.0999755859373,2023.0999755859373,3037
2023-12-11 00:00:00+00:00,2023.0,2023.699951171875,2011.300048828125,2012.800048828125,16128
2023-12-11 04:00:00+00:00,2012.800048828125,2016.0999755859373,2006.199951171875,2008.4000244140625,16064
2023-12-11 08:00:00+00:00,2008.300048828125,2013.5,2007.0,2012.0,19848
2023-12-11 12:00:00+00:00,2011.9000244140625,2012.5,1996.199951171875,1998.0,53249
2023-12-11 16:00:00+00:00,1998.0,2000.0,1991.199951171875,1997.0999755859373,38970
2023-12-11 20:00:00+00:00,1997.199951171875,1999.800048828125,1996.0999755859373,1998.4000244140625,3720
2023-12-12 00:00:00+00:00,1998.4000244140625,2004.800048828125,1997.0,2000.5999755859373,13413
2023-12-12 04:00:00+00:00,2000.5,2004.0999755859373,1999.800048828125,2003.0999755859373,11389
2023-12-12 08:00:00+00:00,2003.0,2003.800048828125,1997.800048828125,2003.800048828125,15516
2023-12-12 12:00:00+00:00,2003.699951171875,2012.5,1995.199951171875,1996.800048828125,65578
2023-12-12 16:00:00+00:00,1996.9000244140625,1998.9000244140625,1992.300048828125,1995.5999755859373,27809
2023-12-12 20:00:00+00:00,1995.5999755859373,1998.0,1994.5,1997.699951171875,3374
2023-12-13 00:00:00+00:00,1997.5999755859373,1997.5999755859373,1992.5999755859373,1992.9000244140625,8411
2023-12-13 04:00:00+00:00,1992.9000244140625,1995.4000244140625,1987.9000244140625,1994.0999755859373,16180
2023-12-13 08:00:00+00:00,1994.199951171875,1998.800048828125,1993.5,1998.0999755859373,13194
2023-12-13 12:00:00+00:00,1998.0999755859373,2001.9000244140625,1993.4000244140625,1997.0,39063
2023-12-13 16:00:00+00:00,1997.0,2033.0,1994.5,2029.0999755859373,77180
2023-12-13 20:00:00+00:00,2029.199951171875,2047.800048828125,2028.0,2047.4000244140625,28068
2023-12-14 00:00:00+00:00,2047.4000244140625,2053.5,2044.199951171875,2045.5,29703
2023-12-14 04:00:00+00:00,2045.4000244140625,2051.89990234375,2043.699951171875,2047.300048828125,18786
2023-12-14 08:00:00+00:00,2047.199951171875,2055.0,2046.5999755859373,2049.60009765625,34405
2023-12-14 12:00:00+00:00,2049.699951171875,2062.89990234375,2042.0,2055.0,83078
2023-12-14 16:00:00+00:00,2054.89990234375,2056.199951171875,2043.5,2048.10009765625,43577
2023-12-14 20:00:00+00:00,2048.10009765625,2053.10009765625,2047.5999755859373,2049.800048828125,6113
2023-12-15 00:00:00+00:00,2049.800048828125,2051.699951171875,2045.5,2050.0,11579
2023-12-15 04:00:00+00:00,2049.89990234375,2053.60009765625,2048.60009765625,2052.199951171875,9803
2023-12-15 08:00:00+00:00,2052.199951171875,2059.10009765625,2051.39990234375,2056.199951171875,20234
2023-12-15 12:00:00+00:00,2056.300048828125,2059.60009765625,2041.0,2049.60009765625,66250
2023-12-15 16:00:00+00:00,2049.5,2050.89990234375,2029.199951171875,2033.0999755859373,47310
2023-12-15 20:00:00+00:00,2033.0999755859373,2035.5999755859373,2031.300048828125,2033.800048828125,7613
2023-12-17 20:00:00+00:00,2033.300048828125,2034.9000244140625,2029.5,2031.0,2951
2023-12-18 00:00:00+00:00,2031.0999755859373,2037.800048828125,2029.5,2036.5,13903
2023-12-18 04:00:00+00:00,2036.300048828125,2038.800048828125,2035.0999755859373,2036.9000244140625,10779
2023-12-18 08:00:00+00:00,2037.0,2041.5,2032.800048828125,2036.0,39971
2023-12-18 12:00:00+00:00,2035.9000244140625,2041.0,2034.0,2036.300048828125,34440
2023-12-18 16:00:00+00:00,2036.300048828125,2048.0,2035.199951171875,2040.199951171875,31530
2023-12-18 20:00:00+00:00,2040.300048828125,2041.800048828125,2039.300048828125,2041.199951171875,3627
2023-12-19 00:00:00+00:00,2041.199951171875,2043.0999755859373,2036.0999755859373,2036.699951171875,10589
2023-12-19 04:00:00+00:00,2036.5999755859373,2040.199951171875,2034.800048828125,2038.5,15355
2023-12-19 08:00:00+00:00,2038.4000244140625,2041.5,2037.300048828125,2040.4000244140625,14102
2023-12-19 12:00:00+00:00,2040.4000244140625,2059.39990234375,2039.800048828125,2055.800048828125,55181
2023-12-19 16:00:00+00:00,2055.800048828125,2061.0,2050.39990234375,2053.0,28053
2023-12-19 20:00:00+00:00,2053.10009765625,2055.0,2052.10009765625,2054.0,4579
2023-12-20 00:00:00+00:00,2053.89990234375,2054.300048828125,2049.699951171875,2053.60009765625,9330
2023-12-20 04:00:00+00:00,2053.60009765625,2056.89990234375,2052.5,2055.5,9962
2023-12-20 08:00:00+00:00,2055.5,2055.60009765625,2044.699951171875,2046.699951171875,18333
2023-12-20 12:00:00+00:00,2046.5999755859373,2053.5,2042.5,2045.5999755859373,48235
2023-12-20 16:00:00+00:00,2045.699951171875,2050.39990234375,2043.199951171875,2045.5,21314
2023-12-20 20:00:00+00:00,2045.4000244140625,2047.0,2040.5999755859373,2044.0,8913
2023-12-21 00:00:00+00:00,2043.9000244140625,2049.60009765625,2043.800048828125,2049.199951171875,8595
2023-12-21 04:00:00+00:00,2049.300048828125,2050.0,2045.699951171875,2046.800048828125,8052
2023-12-21 08:00:00+00:00,2046.699951171875,2049.0,2044.5,2045.5999755859373,10565
2023-12-21 12:00:00+00:00,2045.699951171875,2058.0,2043.5,2053.300048828125,56180
2023-12-21 16:00:00+00:00,2053.39990234375,2057.0,2049.199951171875,2055.800048828125,24613
2023-12-21 20:00:00+00:00,2055.89990234375,2066.699951171875,2055.10009765625,2064.300048828125,10287
2023-12-22 00:00:00+00:00,2064.39990234375,2065.5,2058.199951171875,2059.800048828125,13854
2023-12-22 04:00:00+00:00,2059.800048828125,2062.60009765625,2058.5,2061.60009765625,10699
2023-12-22 08:00:00+00:00,2061.699951171875,2075.199951171875,2061.300048828125,2072.60009765625,24300
2023-12-22 12:00:00+00:00,2072.800048828125,2083.0,2069.300048828125,2072.89990234375,68174
2023-12-22 16:00:00+00:00,2073.0,2074.39990234375,2063.300048828125,2065.800048828125,34088
2023-12-22 20:00:00+00:00,2065.800048828125,2065.89990234375,2063.699951171875,2064.5,4540
2023-12-26 04:00:00+00:00,2075.10009765625,2076.300048828125,2072.39990234375,2075.5,6165
2023-12-26 08:00:00+00:00,2075.39990234375,2075.800048828125,2071.800048828125,2074.699951171875,6731
2023-12-26 12:00:00+00:00,2074.60009765625,2075.300048828125,2065.5,2068.0,25186
2023-12-26 16:00:00+00:00,2068.0,2073.10009765625,2067.699951171875,2072.60009765625,12624
2023-12-26 20:00:00+00:00,2072.699951171875,2080.5,2072.699951171875,2077.39990234375,9446
2023-12-27 00:00:00+00:00,2077.39990234375,2079.300048828125,2075.199951171875,2075.800048828125,10020
2023-12-27 04:00:00+00:00,2075.800048828125,2078.699951171875,2075.199951171875,2077.0,7356
2023-12-27 08:00:00+00:00,2077.199951171875,2080.800048828125,2072.800048828125,2079.699951171875,17415
2023-12-27 12:00:00+00:00,2079.800048828125,2093.800048828125,2075.800048828125,2090.5,50233
2023-12-27 16:00:00+00:00,2090.60009765625,2095.800048828125,2087.39990234375,2089.199951171875,33265
2023-12-27 20:00:00+00:00,2089.300048828125,2090.300048828125,2088.0,2090.0,4150
2023-12-28 00:00:00+00:00,2090.0,2098.199951171875,2089.5,2097.0,13179
2023-12-28 04:00:00+00:00,2096.800048828125,2097.699951171875,2094.199951171875,2096.300048828125,12051
2023-12-28 08:00:00+00:00,2096.39990234375,2096.699951171875,2082.800048828125,2085.300048828125,24635
2023-12-28 12:00:00+00:00,2085.39990234375,2091.199951171875,2081.10009765625,2087.199951171875,38953
2023-12-28 16:00:00+00:00,2087.199951171875,2087.300048828125,2075.89990234375,2078.0,29284
2023-12-28 20:00:00+00:00,2078.0,2078.89990234375,2074.60009765625,2076.5,6349
2023-12-29 00:00:00+00:00,2076.39990234375,2081.0,2075.60009765625,2078.699951171875,13314
2023-12-29 04:00:00+00:00,2078.699951171875,2084.10009765625,2078.10009765625,2081.10009765625,6912
2023-12-29 08:00:00+00:00,2081.199951171875,2082.699951171875,2071.39990234375,2076.89990234375,18594
2023-12-29 12:00:00+00:00,2077.0,2078.10009765625,2067.60009765625,2074.10009765625,31901
2023-12-29 16:00:00+00:00,2074.10009765625,2077.60009765625,2070.39990234375,2076.800048828125,24853
2023-12-29 20:00:00+00:00,2076.699951171875,2076.800048828125,2071.800048828125,2071.800048828125,5206
2024-01-02 04:00:00+00:00,2078.699951171875,2085.699951171875,2078.39990234375,2082.10009765625,14515
2024-01-02 08:00:00+00:00,2082.10009765625,2088.10009765625,2077.10009765625,2078.199951171875,28294
2024-01-02 12:00:00+00:00,2078.10009765625,2080.0,2064.300048828125,2068.199951171875,58253
2024-01-02 16:00:00+00:00,2068.199951171875,2076.0,2068.0,2069.60009765625,25723
2024-01-02 20:00:00+00:00,2069.699951171875,2070.39990234375,2066.800048828125,2067.800048828125,5655
2024-01-03 00:00:00+00:00,2067.699951171875,2073.89990234375,2067.39990234375,2073.39990234375,13434
2024-01-03 04:00:00+00:00,2073.39990234375,2074.300048828125,2069.10009765625,2071.300048828125,10658
2024-01-03 08:00:00+00:00,2071.10009765625,2072.60009765625,2054.699951171875,2055.699951171875,29285
2024-01-03 12:00:00+00:00,2055.60009765625,2057.10009765625,2039.5999755859373,2040.5999755859373,106111
2024-01-03 16:00:00+00:00,2040.699951171875,2050.300048828125,2038.300048828125,2044.5999755859373,42852
2024-01-03 20:00:00+00:00,2044.699951171875,2051.10009765625,2044.5,2050.10009765625,9333
2024-01-04 00:00:00+00:00,2050.10009765625,2054.10009765625,2047.0,2051.699951171875,12822
2024-01-04 04:00:00+00:00,2051.800048828125,2056.60009765625,2049.60009765625,2054.699951171875,15620
2024-01-04 08:00:00+00:00,2054.800048828125,2058.10009765625,2052.10009765625,2052.39990234375,21800
2024-01-04 12:00:00+00:00,2052.39990234375,2055.199951171875,2043.300048828125,2052.5,49517
2024-01-04 16:00:00+00:00,2052.60009765625,2054.300048828125,2048.199951171875,2051.800048828125,20264
2024-01-04 20:00:00+00:00,2051.800048828125,2052.300048828125,2049.89990234375,2051.199951171875,3741
2024-01-05 00:00:00+00:00,2051.300048828125,2055.0,2050.199951171875,2052.0,11988
2024-01-05 04:00:00+00:00,2052.0,2053.800048828125,2047.5999755859373,2050.0,11809
2024-01-05 08:00:00+00:00,2050.0,2051.300048828125,2043.800048828125,2046.0,16299
2024-01-05 12:00:00+00:00,2046.0999755859373,2071.10009765625,2030.800048828125,2061.89990234375,121493
2024-01-05 16:00:00+00:00,2061.800048828125,2063.300048828125,2047.199951171875,2052.60009765625,39633
2024-01-05 20:00:00+00:00,2052.60009765625,2053.199951171875,2049.89990234375,2052.699951171875,4690
2024-01-07 20:00:00+00:00,2052.60009765625,2052.60009765625,2049.800048828125,2051.10009765625,2304
2024-01-08 00:00:00+00:00,2051.10009765625,2053.300048828125,2041.699951171875,2042.9000244140625,14711
2024-01-08 04:00:00+00:00,2042.800048828125,2044.4000244140625,2033.4000244140625,2037.699951171875,27363
2024-01-08 08:00:00+00:00,2037.5999755859373,2038.0999755859373,2022.699951171875,2026.4000244140625,36690
2024-01-08 12:00:00+00:00,2026.300048828125,2041.4000244140625,2024.699951171875,2040.9000244140625,71964
2024-01-08 16:00:00+00:00,2040.9000244140625,2043.5999755859373,2032.5999755859373,2035.699951171875,40199
2024-01-08 20:00:00+00:00,2035.5999755859373,2036.800048828125,2032.300048828125,2036.699951171875,5772
2024-01-09 00:00:00+00:00,2036.5999755859373,2042.699951171875,2036.5999755859373,2039.5999755859373,16926
2024-01-09 04:00:00+00:00,2039.5999755859373,2043.0,2036.199951171875,2041.9000244140625,16930
2024-01-09 08:00:00+00:00,2041.800048828125,2044.800048828125,2037.199951171875,2041.0999755859373,24570
2024-01-09 12:00:00+00:00,2041.0999755859373,2048.60009765625,2034.5,2034.699951171875,73394
2024-01-09 16:00:00+00:00,2034.5999755859373,2038.0999755859373,2031.9000244140625,2034.699951171875,54550
2024-01-09 20:00:00+00:00,2034.699951171875,2037.0,2034.0999755859373,2036.699951171875,6255
2024-01-10 00:00:00+00:00,2036.5999755859373,2038.4000244140625,2032.9000244140625,2034.300048828125,14029
2024-01-10 04:00:00+00:00,2034.300048828125,2037.300048828125,2029.199951171875,2036.699951171875,19049
2024-01-10 08:00:00+00:00,2036.5999755859373,2046.199951171875,2035.800048828125,2039.9000244140625,31960
2024-01-10 12:00:00+00:00,2039.9000244140625,2041.5,2030.4000244140625,2033.300048828125,51807
2024-01-10 16:00:00+00:00,2033.4000244140625,2034.0999755859373,2025.9000244140625,2029.4000244140625,53900
2024-01-10 20:00:00+00:00,2029.4000244140625,2032.199951171875,2027.300048828125,2030.800048828125,9679
2024-01-11 00:00:00+00:00,2031.0,2036.0,2030.699951171875,2035.0,13128
2024-01-11 04:00:00+00:00,2035.0,2040.0,2035.0,2038.300048828125,12398
2024-01-11 08:00:00+00:00,2038.300048828125,2038.9000244140625,2034.800048828125,2038.800048828125,19568
2024-01-11 12:00:00+00:00,2038.9000244140625,2056.10009765625,2028.9000244140625,2033.4000244140625,117888
2024-01-11 16:00:00+00:00,2033.4000244140625,2034.0,2017.300048828125,2030.9000244140625,95853
2024-01-11 20:00:00+00:00,2031.0,2039.9000244140625,2027.9000244140625,2039.5,9274
2024-01-12 00:00:00+00:00,2039.4000244140625,2039.699951171875,2034.300048828125,2038.0,13513
2024-01-12 04:00:00+00:00,2037.9000244140625,2043.699951171875,2036.800048828125,2041.9000244140625,15596
2024-01-12 08:00:00+00:00,2041.9000244140625,2052.10009765625,2041.5999755859373,2050.10009765625,31439
2024-01-12 12:00:00+00:00,2050.199951171875,2067.300048828125,2049.0,2058.300048828125,118919
2024-01-12 16:00:00+00:00,2058.300048828125,2060.300048828125,2045.699951171875,2051.699951171875,62245
2024-01-12 20:00:00+00:00,2051.60009765625,2053.60009765625,2050.300048828125,2053.60009765625,5245
2024-01-14 20:00:00+00:00,2053.39990234375,2053.39990234375,2050.300048828125,2051.300048828125,2239
2024-01-15 00:00:00+00:00,2051.39990234375,2061.89990234375,2049.5,2061.199951171875,14932
2024-01-15 04:00:00+00:00,2061.199951171875,2061.39990234375,2057.39990234375,2058.300048828125,1841
2024-01-16 04:00:00+00:00,2053.0,2054.5,2050.800048828125,2053.199951171875,10912
2024-01-16 08:00:00+00:00,2053.10009765625,2053.89990234375,2041.699951171875,2043.5999755859373,28108
2024-01-16 12:00:00+00:00,2043.5999755859373,2048.89990234375,2034.5999755859373,2044.9000244140625,73967
2024-01-16 16:00:00+00:00,2044.9000244140625,2045.0,2027.5999755859373,2032.800048828125,74334
2024-01-16 20:00:00+00:00,2032.9000244140625,2033.199951171875,2029.0999755859373,2031.300048828125,6255
2024-01-17 00:00:00+00:00,2031.300048828125,2036.0999755859373,2026.5,2027.199951171875,17658
2024-01-17 04:00:00+00:00,2027.199951171875,2029.0999755859373,2020.5,2028.5999755859373,30301
2024-01-17 08:00:00+00:00,2028.5,2031.5999755859373,2022.0,2027.0,27286
2024-01-17 12:00:00+00:00,2027.0999755859373,2032.5,2008.9000244140625,2011.9000244140625,107720
2024-01-17 16:00:00+00:00,2011.800048828125,2014.699951171875,2004.5999755859373,2008.5,53546
2024-01-17 20:00:00+00:00,2008.5999755859373,2011.5999755859373,2007.5999755859373,2011.300048828125,7346
2024-01-18 00:00:00+00:00,2011.4000244140625,2013.800048828125,2008.300048828125,2009.9000244140625,15946
2024-01-18 04:00:00+00:00,2009.9000244140625,2015.9000244140625,2007.699951171875,2014.199951171875,16693
2024-01-18 08:00:00+00:00,2014.0999755859373,2015.5,2010.0,2014.5,23189
2024-01-18 12:00:00+00:00,2014.5999755859373,2019.5999755859373,2009.0999755859373,2015.800048828125,61554
2024-01-18 16:00:00+00:00,2015.699951171875,2024.0,2015.0999755859373,2022.199951171875,39419
2024-01-18 20:00:00+00:00,2022.300048828125,2027.4000244140625,2022.300048828125,2025.699951171875,6634
2024-01-19 00:00:00+00:00,2025.699951171875,2027.300048828125,2023.5999755859373,2024.699951171875,10725
2024-01-19 04:00:00+00:00,2024.699951171875,2031.800048828125,2022.199951171875,2030.0999755859373,16589
2024-01-19 08:00:00+00:00,2030.0999755859373,2034.300048828125,2028.4000244140625,2033.800048828125,19098
2024-01-19 12:00:00+00:00,2033.800048828125,2041.9000244140625,2025.199951171875,2030.0,71859
2024-01-19 16:00:00+00:00,2029.800048828125,2031.9000244140625,2025.4000244140625,2031.5999755859373,37778
2024-01-19 20:00:00+00:00,2031.5,2032.300048828125,2030.0,2031.800048828125,5516
2024-01-21 20:00:00+00:00,2031.800048828125,2032.199951171875,2028.800048828125,2029.300048828125,2095
2024-01-22 00:00:00+00:00,2029.300048828125,2033.800048828125,2027.300048828125,2028.5,11283
2024-01-22 04:00:00+00:00,2028.5999755859373,2028.699951171875,2020.5999755859373,2023.4000244140625,19856
2024-01-22 08:00:00+00:00,2023.300048828125,2028.300048828125,2021.9000244140625,2027.800048828125,18266
2024-01-22 12:00:00+00:00,2027.800048828125,2032.0,2017.4000244140625,2025.800048828125,60059
2024-01-22 16:00:00+00:00,2025.699951171875,2026.199951171875,2020.699951171875,2022.699951171875,24529
2024-01-22 20:00:00+00:00,2022.5999755859373,2023.5,2020.699951171875,2022.0,5607
2024-01-23 00:00:00+00:00,2022.0999755859373,2029.300048828125,2020.800048828125,2028.699951171875,12735
2024-01-23 04:00:00+00:00,2028.699951171875,2039.300048828125,2028.0,2033.0999755859373,32673
2024-01-23 08:00:00+00:00,2033.199951171875,2033.199951171875,2023.5,2025.199951171875,22272
2024-01-23 12:00:00+00:00,2025.199951171875,2032.4000244140625,2022.5999755859373,2026.5,43465
2024-01-23 16:00:00+00:00,2026.5,2032.0,2023.800048828125,2031.199951171875,36797
2024-01-23 20:00:00+00:00,2031.199951171875,2031.5,2028.5999755859373,2030.5,4894
2024-01-24 00:00:00+00:00,2030.4000244140625,2030.4000244140625,2024.5,2025.699951171875,9292
2024-01-24 04:00:00+00:00,2025.699951171875,2032.800048828125,2023.5999755859373,2030.699951171875,15031
2024-01-24 08:00:00+00:00,2030.699951171875,2035.800048828125,2029.199951171875,2034.5999755859373,22192
2024-01-24 12:00:00+00:00,2034.5999755859373,2037.9000244140625,2015.5999755859373,2016.0,116620
2024-01-24 16:00:00+00:00,2016.0999755859373,2020.800048828125,2011.699951171875,2012.9000244140625,57144
2024-01-24 20:00:00+00:00,2012.9000244140625,2017.699951171875,2012.4000244140625,2016.300048828125,4594
2024-01-25 00:00:00+00:00,2016.300048828125,2017.4000244140625,2014.300048828125,2015.5,10198
2024-01-25 04:00:00+00:00,2015.5999755859373,2018.0,2013.300048828125,2015.699951171875,15895
2024-01-25 08:00:00+00:00,2015.800048828125,2019.5999755859373,2012.4000244140625,2017.699951171875,29214
2024-01-25 12:00:00+00:00,2017.699951171875,2025.5999755859373,2004.0,2020.300048828125,78406
2024-01-25 16:00:00+00:00,2020.300048828125,2021.699951171875,2012.4000244140625,2018.0,45993
2024-01-25 20:00:00+00:00,2018.0,2021.5,2017.199951171875,2020.4000244140625,5186
2024-01-26 00:00:00+00:00,2020.5,2024.199951171875,2019.0999755859373,2021.5,9669
2024-01-26 04:00:00+00:00,2021.5,2023.300048828125,2019.4000244140625,2021.199951171875,8395
2024-01-26 08:00:00+00:00,2020.9000244140625,2024.699951171875,2017.9000244140625,2023.300048828125,16481
2024-01-26 12:00:00+00:00,2023.4000244140625,2028.0999755859373,2015.9000244140625,2016.9000244140625,54259
2024-01-26 16:00:00+00:00,2016.800048828125,2019.300048828125,2015.5999755859373,2016.800048828125,23210
2024-01-26 20:00:00+00:00,2016.9000244140625,2019.0,2016.0999755859373,2018.199951171875,3769
2024-01-28 20:00:00+00:00,2024.4000244140625,2029.0,2021.0999755859373,2021.5999755859373,6260
2024-01-29 00:00:00+00:00,2021.5999755859373,2025.4000244140625,2018.800048828125,2024.699951171875,11420
2024-01-29 04:00:00+00:00,2024.800048828125,2033.199951171875,2023.699951171875,2030.699951171875,12611
2024-01-29 08:00:00+00:00,2030.5,2032.9000244140625,2024.699951171875,2027.5,17772
2024-01-29 12:00:00+00:00,2027.5999755859373,2037.199951171875,2019.4000244140625,2024.4000244140625,49648
2024-01-29 16:00:00+00:00,2024.4000244140625,2030.4000244140625,2022.800048828125,2026.0,43748
2024-01-29 20:00:00+00:00,2026.0999755859373,2034.5999755859373,2026.0999755859373,2030.699951171875,5118
2024-01-30 00:00:00+00:00,2030.199951171875,2032.800048828125,2028.9000244140625,2030.800048828125,929
2024-01-30 04:00:00+00:00,2030.699951171875,2040.0,2029.9000244140625,2036.5,2128
2024-01-30 08:00:00+00:00,2036.5,2057.10009765625,2029.300048828125,2052.699951171875,46766
2024-01-30 12:00:00+00:00,2052.60009765625,2068.0,2028.0999755859373,2050.89990234375,118293
2024-01-30 16:00:00+00:00,2050.89990234375,2055.39990234375,2030.800048828125,2054.39990234375,35721
2024-01-30 20:00:00+00:00,2054.39990234375,2055.699951171875,2053.60009765625,2054.5,3974
2024-01-31 00:00:00+00:00,2054.5,2056.699951171875,2050.89990234375,2052.0,8884
2024-01-31 04:00:00+00:00,2052.10009765625,2056.5,2051.199951171875,2054.60009765625,8804
2024-01-31 08:00:00+00:00,2054.5,2058.60009765625,2053.89990234375,2055.199951171875,15008
2024-01-31 12:00:00+00:00,2055.300048828125,2074.60009765625,2054.0,2070.60009765625,89086
2024-01-31 16:00:00+00:00,2070.699951171875,2072.0,2057.39990234375,2063.10009765625,69990
2024-01-31 20:00:00+00:00,2063.10009765625,2064.199951171875,2048.800048828125,2057.199951171875,33105
2024-02-01 00:00:00+00:00,2057.300048828125,2067.0,2056.5,2063.60009765625,14772
2024-02-01 04:00:00+00:00,2063.60009765625,2063.89990234375,2058.199951171875,2060.0,11726
2024-02-01 08:00:00+00:00,2059.89990234375,2060.10009765625,2046.699951171875,2050.300048828125,32211
2024-02-01 12:00:00+00:00,2050.199951171875,2070.800048828125,2046.4000244140625,2069.5,95742
2024-02-01 16:00:00+00:00,2069.5,2083.199951171875,2068.60009765625,2072.0,90956
2024-02-01 20:00:00+00:00,2072.10009765625,2073.300048828125,2070.699951171875,2071.800048828125,5534
2024-02-02 00:00:00+00:00,2071.699951171875,2073.800048828125,2069.0,2071.699951171875,10083
2024-02-02 04:00:00+00:00,2071.699951171875,2074.199951171875,2071.199951171875,2072.10009765625,8713
2024-02-02 08:00:00+00:00,2072.10009765625,2074.0,2069.60009765625,2073.199951171875,14275
2024-02-02 12:00:00+00:00,2073.300048828125,2074.699951171875,2044.199951171875,2052.0,138135
2024-02-02 16:00:00+00:00,2051.89990234375,2055.800048828125,2049.89990234375,2055.199951171875,32432
2024-02-02 20:00:00+00:00,2055.199951171875,2057.10009765625,2053.0,2057.10009765625,5451
2024-02-04 20:00:00+00:00,2057.89990234375,2059.10009765625,2055.800048828125,2056.10009765625,3239
2024-02-05 00:00:00+00:00,2056.10009765625,2056.60009765625,2045.300048828125,2048.60009765625,16049
2024-02-05 04:00:00+00:00,2048.5,2049.800048828125,2042.0999755859373,2043.800048828125,17034
2024-02-05 08:00:00+00:00,2043.9000244140625,2044.5,2036.800048828125,2043.800048828125,26514
2024-02-05 12:00:00+00:00,2043.9000244140625,2044.300048828125,2030.800048828125,2034.0,65929
2024-02-05 16:00:00+00:00,2034.0,2043.9000244140625,2034.0,2042.300048828125,29403
2024-02-05 20:00:00+00:00,2042.199951171875,2042.699951171875,2039.9000244140625,2041.199951171875,4998
2024-02-06 00:00:00+00:00,2041.199951171875,2044.699951171875,2039.4000244140625,2039.800048828125,7925
2024-02-06 04:00:00+00:00,2039.800048828125,2045.699951171875,2039.4000244140625,2042.199951171875,10436
2024-02-06 08:00:00+00:00,2042.199951171875,2043.5,2038.800048828125,2042.699951171875,14143
2024-02-06 12:00:00+00:00,2042.5999755859373,2054.5,2040.5,2052.60009765625,53514
2024-02-06 16:00:00+00:00,2052.5,2055.300048828125,2048.300048828125,2052.300048828125,29611
2024-02-06 20:00:00+00:00,2052.39990234375,2053.39990234375,2050.60009765625,2051.300048828125,4370
2024-02-07 00:00:00+00:00,2051.300048828125,2052.199951171875,2050.0,2050.300048828125,5342
2024-02-07 04:00:00+00:00,2050.39990234375,2052.300048828125,2048.39990234375,2051.300048828125,8343
2024-02-07 08:00:00+00:00,2051.300048828125,2051.800048828125,2047.699951171875,2050.0,13271
2024-02-07 12:00:00+00:00,2050.0,2061.300048828125,2046.4000244140625,2054.39990234375,62178
2024-02-07 16:00:00+00:00,2054.300048828125,2057.0,2050.0,2051.699951171875,25577
2024-02-07 20:00:00+00:00,2051.5,2051.800048828125,2049.5,2051.39990234375,4584
2024-02-08 00:00:00+00:00,2051.300048828125,2053.800048828125,2047.199951171875,2048.300048828125,8979
2024-02-08 04:00:00+00:00,2048.199951171875,2050.10009765625,2046.199951171875,2047.800048828125,10562
2024-02-08 08:00:00+00:00,2047.800048828125,2053.300048828125,2042.699951171875,2044.0,24759
2024-02-08 12:00:00+00:00,2044.0,2049.10009765625,2034.5999755859373,2047.0,61261
2024-02-08 16:00:00+00:00,2047.0,2050.5,2042.699951171875,2047.5999755859373,23087
2024-02-08 20:00:00+00:00,2047.699951171875,2050.10009765625,2047.699951171875,2049.10009765625,3233
2024-02-09 00:00:00+00:00,2049.10009765625,2049.89990234375,2046.699951171875,2048.300048828125,6192
2024-02-09 04:00:00+00:00,2048.39990234375,2049.800048828125,2046.800048828125,2048.300048828125,5619
2024-02-09 08:00:00+00:00,2048.39990234375,2048.800048828125,2045.199951171875,2046.0,9804
2024-02-09 12:00:00+00:00,2046.0999755859373,2051.89990234375,2036.199951171875,2036.9000244140625,54034
2024-02-09 16:00:00+00:00,2036.0,2040.699951171875,2034.300048828125,2039.0,27957
2024-02-09 20:00:00+00:00,2039.0,2040.5,2038.0999755859373,2038.699951171875,4312
2024-02-11 20:00:00+00:00,2038.199951171875,2041.199951171875,2037.5,2039.5999755859373,2004
2024-02-12 00:00:00+00:00,2039.699951171875,2040.800048828125,2035.699951171875,2036.5999755859373,5125
2024-02-12 04:00:00+00:00,2036.5999755859373,2040.4000244140625,2036.300048828125,2039.5999755859373,5687
2024-02-12 08:00:00+00:00,2039.5,2041.0,2033.699951171875,2035.9000244140625,15397
2024-02-12 12:00:00+00:00,2035.9000244140625,2041.800048828125,2025.5999755859373,2026.800048828125,52251
2024-02-12 16:00:00+00:00,2026.800048828125,2035.300048828125,2025.4000244140625,2032.800048828125,27927
2024-02-12 20:00:00+00:00,2032.800048828125,2034.4000244140625,2032.4000244140625,2032.5,3266
2024-02-13 00:00:00+00:00,2032.5999755859373,2034.699951171875,2030.199951171875,2031.800048828125,6132
2024-02-13 04:00:00+00:00,2031.9000244140625,2039.699951171875,2031.800048828125,2038.699951171875,9452
2024-02-13 08:00:00+00:00,2038.800048828125,2043.0,2037.9000244140625,2041.300048828125,17902
2024-02-13 12:00:00+00:00,2041.300048828125,2047.300048828125,2002.800048828125,2004.800048828125,129188
2024-02-13 16:00:00+00:00,2004.9000244140625,2010.800048828125,2004.199951171875,2004.5999755859373,32151
2024-02-13 20:00:00+00:00,2004.5999755859373,2006.5,2003.199951171875,2004.0,5761
2024-02-14 00:00:00+00:00,2004.0,2006.0999755859373,2000.9000244140625,2005.0,9730
2024-02-14 04:00:00+00:00,2005.0999755859373,2006.0999755859373,2002.0,2002.199951171875,9484
2024-02-14 08:00:00+00:00,2002.0999755859373,2006.300048828125,1998.199951171875,2004.9000244140625,24803
2024-02-14 12:00:00+00:00,2004.9000244140625,2006.0,1996.4000244140625,2000.5999755859373,57579
2024-02-14 16:00:00+00:00,2000.5999755859373,2008.800048828125,2000.199951171875,2004.4000244140625,75582
2024-02-14 20:00:00+00:00,2004.4000244140625,2005.699951171875,2002.4000244140625,2005.5,5044
2024-02-15 00:00:00+00:00,2005.5999755859373,2006.199951171875,2001.800048828125,2002.4000244140625,18127
2024-02-15 04:00:00+00:00,2002.300048828125,2006.300048828125,2002.0999755859373,2005.300048828125,8233
2024-02-15 08:00:00+00:00,2005.300048828125,2009.5999755859373,2005.0,2009.0999755859373,30654
2024-02-15 12:00:00+00:00,2009.0999755859373,2020.199951171875,2007.0999755859373,2012.300048828125,90588
2024-02-15 16:00:00+00:00,2012.300048828125,2018.0999755859373,2009.9000244140625,2016.800048828125,45094
2024-02-15 20:00:00+00:00,2016.800048828125,2016.800048828125,2014.9000244140625,2015.0999755859373,3665
2024-02-16 00:00:00+00:00,2015.0999755859373,2017.5,2013.9000244140625,2016.0,7558
2024-02-16 04:00:00+00:00,2016.0999755859373,2018.199951171875,2014.4000244140625,2016.800048828125,8056
2024-02-16 08:00:00+00:00,2016.800048828125,2019.5999755859373,2015.4000244140625,2019.0,12131
2024-02-16 12:00:00+00:00,2019.0,2023.4000244140625,2006.5999755859373,2019.699951171875,85711
2024-02-16 16:00:00+00:00,2019.800048828125,2027.199951171875,2019.0999755859373,2024.4000244140625,36568
2024-02-16 20:00:00+00:00,2024.4000244140625,2026.0,2022.9000244140625,2025.199951171875,4267
2024-02-18 20:00:00+00:00,2027.699951171875,2028.0,2023.9000244140625,2025.699951171875,3749
2024-02-19 00:00:00+00:00,2025.699951171875,2034.300048828125,2025.699951171875,2031.199951171875,19759
2024-02-19 04:00:00+00:00,2031.199951171875,2031.199951171875,2029.5999755859373,2030.5,1628
2024-02-20 04:00:00+00:00,2030.699951171875,2033.9000244140625,2028.5999755859373,2032.5,10185
2024-02-20 08:00:00+00:00,2032.5,2039.199951171875,2031.800048828125,2037.9000244140625,28050
2024-02-20 12:00:00+00:00,2038.0,2042.699951171875,2036.800048828125,2039.0,53708
2024-02-20 16:00:00+00:00,2039.0,2040.199951171875,2036.199951171875,2036.5,20523
2024-02-20 20:00:00+00:00,2036.5999755859373,2036.5999755859373,2034.9000244140625,2035.4000244140625,6109
2024-02-21 00:00:00+00:00,2035.5,2041.9000244140625,2034.199951171875,2041.4000244140625,11123
2024-02-21 04:00:00+00:00,2041.4000244140625,2043.5,2039.199951171875,2039.800048828125,12143
2024-02-21 08:00:00+00:00,2039.800048828125,2041.300048828125,2036.9000244140625,2039.0999755859373,14158
2024-02-21 12:00:00+00:00,2039.0999755859373,2042.5,2034.9000244140625,2035.0999755859373,36645
2024-02-21 16:00:00+00:00,2035.0999755859373,2037.300048828125,2030.9000244140625,2036.800048828125,34150
2024-02-21 20:00:00+00:00,2036.800048828125,2037.800048828125,2034.699951171875,2035.800048828125,7839
2024-02-22 00:00:00+00:00,2035.699951171875,2038.300048828125,2035.0,2036.0999755859373,15679
2024-02-22 04:00:00+00:00,2036.199951171875,2042.199951171875,2035.199951171875,2041.5999755859373,13071
2024-02-22 08:00:00+00:00,2041.5999755859373,2045.5,2037.0999755859373,2039.0,26979
2024-02-22 12:00:00+00:00,2038.9000244140625,2040.0,2029.9000244140625,2033.300048828125,57860
2024-02-22 16:00:00+00:00,2033.300048828125,2034.699951171875,2029.300048828125,2033.0999755859373,22791
2024-02-22 20:00:00+00:00,2033.0999755859373,2035.800048828125,2032.5,2034.4000244140625,4344
2024-02-23 00:00:00+00:00,2034.4000244140625,2036.800048828125,2032.300048828125,2035.199951171875,10121
2024-02-23 04:00:00+00:00,2035.199951171875,2035.9000244140625,2027.5,2031.300048828125,14232
2024-02-23 08:00:00+00:00,2031.300048828125,2033.5,2025.4000244140625,2033.4000244140625,34554
2024-02-23 12:00:00+00:00,2033.4000244140625,2041.4000244140625,2032.5,2040.0,67587
2024-02-23 16:00:00+00:00,2040.0,2053.199951171875,2040.0,2047.5,64932
2024-02-23 20:00:00+00:00,2047.5,2047.699951171875,2045.199951171875,2045.800048828125,7111
2024-02-25 20:00:00+00:00,2044.199951171875,2044.9000244140625,2042.0999755859373,2043.5,2448
2024-02-26 00:00:00+00:00,2043.5999755859373,2043.9000244140625,2039.5999755859373,2042.0,12664
2024-02-26 04:00:00+00:00,2042.0,2044.800048828125,2041.300048828125,2044.5,10982
2024-02-26 08:00:00+00:00,2044.5,2046.0,2040.199951171875,2040.199951171875,22014
2024-02-26 12:00:00+00:00,2040.300048828125,2044.199951171875,2034.0999755859373,2038.699951171875,44725
2024-02-26 16:00:00+00:00,2038.5999755859373,2039.800048828125,2035.800048828125,2039.5999755859373,25466
2024-02-26 20:00:00+00:00,2039.5,2043.5,2039.5,2040.800048828125,5969
2024-02-27 00:00:00+00:00,2040.800048828125,2043.699951171875,2040.4000244140625,2042.5999755859373,10969
2024-02-27 04:00:00+00:00,2042.699951171875,2045.699951171875,2042.0,2045.0,8442
2024-02-27 08:00:00+00:00,2045.0,2049.10009765625,2043.9000244140625,2047.5,25174
2024-02-27 12:00:00+00:00,2047.5999755859373,2048.5,2042.0999755859373,2043.0999755859373,57315
2024-02-27 16:00:00+00:00,2043.199951171875,2045.5999755859373,2038.800048828125,2039.699951171875,35094
2024-02-27 20:00:00+00:00,2039.5999755859373,2040.0,2038.0999755859373,2038.800048828125,4023
2024-02-28 00:00:00+00:00,2038.9000244140625,2042.5,2037.9000244140625,2039.800048828125,12511
2024-02-28 04:00:00+00:00,2039.800048828125,2040.9000244140625,2036.5999755859373,2036.9000244140625,10370
2024-02-28 08:00:00+00:00,2036.9000244140625,2038.199951171875,2033.4000244140625,2036.4000244140625,23113
2024-02-28 12:00:00+00:00,2036.300048828125,2047.4000244140625,2036.0,2041.0999755859373,58126
2024-02-28 16:00:00+00:00,2041.0999755859373,2045.0,2040.0999755859373,2041.4000244140625,20915
2024-02-28 20:00:00+00:00,2041.5,2044.5999755859373,2041.300048828125,2043.0,5695
2024-02-29 00:00:00+00:00,2043.0999755859373,2045.5,2042.0999755859373,2044.800048828125,9645
2024-02-29 04:00:00+00:00,2044.800048828125,2046.199951171875,2042.5999755859373,2045.5999755859373,8741
2024-02-29 08:00:00+00:00,2045.5999755859373,2045.9000244140625,2036.4000244140625,2038.4000244140625,24621
2024-02-29 12:00:00+00:00,2038.300048828125,2059.39990234375,2036.0,2056.699951171875,120640
2024-02-29 16:00:00+00:00,2056.800048828125,2057.0,2051.800048828125,2053.0,46187
2024-02-29 20:00:00+00:00,2053.0,2054.10009765625,2051.300048828125,2052.5,7012
2024-03-01 00:00:00+00:00,2052.5,2055.300048828125,2051.10009765625,2055.0,10612
2024-03-01 04:00:00+00:00,2055.0,2057.199951171875,2051.699951171875,2053.699951171875,14263
2024-03-01 08:00:00+00:00,2053.699951171875,2066.10009765625,2047.0,2063.800048828125,47592
2024-03-01 12:00:00+00:00,2063.89990234375,2079.800048828125,2051.0,2077.89990234375,111807
2024-03-01 16:00:00+00:00,2077.89990234375,2097.10009765625,2077.89990234375,2094.10009765625,117826
2024-03-01 20:00:00+00:00,2094.0,2094.10009765625,2091.699951171875,2091.89990234375,10689
2024-03-03 20:00:00+00:00,2091.60009765625,2095.10009765625,2091.0,2092.199951171875,5984
2024-03-04 00:00:00+00:00,2092.300048828125,2093.10009765625,2088.10009765625,2090.0,21229
2024-03-04 04:00:00+00:00,2090.0,2097.0,2088.89990234375,2096.0,14562
2024-03-04 08:00:00+00:00,2096.0,2096.199951171875,2090.199951171875,2090.39990234375,31281
2024-03-04 12:00:00+00:00,2090.5,2118.10009765625,2089.60009765625,2117.699951171875,123676
2024-03-04 16:00:00+00:00,2117.699951171875,2128.39990234375,2116.39990234375,2125.0,100117
2024-03-04 20:00:00+00:00,2125.0,2127.10009765625,2122.0,2122.89990234375,13473
2024-03-05 00:00:00+00:00,2122.89990234375,2126.300048828125,2118.5,2120.89990234375,20656
2024-03-05 04:00:00+00:00,2120.89990234375,2128.0,2120.60009765625,2122.699951171875,18754
2024-03-05 08:00:00+00:00,2122.699951171875,2135.800048828125,2122.699951171875,2132.800048828125,36861
2024-03-05 12:00:00+00:00,2132.800048828125,2150.5,2129.199951171875,2135.199951171875,133393
2024-03-05 16:00:00+00:00,2135.10009765625,2143.800048828125,2132.0,2138.10009765625,50892
2024-03-05 20:00:00+00:00,2138.10009765625,2139.39990234375,2135.10009765625,2136.199951171875,9462
2024-03-06 00:00:00+00:00,2136.10009765625,2136.199951171875,2131.89990234375,2133.0,15868
2024-03-06 04:00:00+00:00,2133.0,2139.60009765625,2132.89990234375,2136.39990234375,13223
2024-03-06 08:00:00+00:00,2136.5,2141.60009765625,2132.300048828125,2140.699951171875,36593
2024-03-06 12:00:00+00:00,2140.699951171875,2157.5,2139.300048828125,2149.10009765625,137002
2024-03-06 16:00:00+00:00,2149.10009765625,2160.699951171875,2147.800048828125,2152.699951171875,92116
2024-03-06 20:00:00+00:00,2152.699951171875,2158.89990234375,2151.5,2154.800048828125,9404
2024-03-07 00:00:00+00:00,2154.89990234375,2159.89990234375,2151.699951171875,2159.199951171875,19177
2024-03-07 04:00:00+00:00,2159.199951171875,2169.0,2158.800048828125,2163.60009765625,32030
2024-03-07 08:00:00+00:00,2163.60009765625,2167.10009765625,2160.5,2163.300048828125,31192
2024-03-07 12:00:00+00:00,2163.300048828125,2172.199951171875,2155.199951171875,2160.89990234375,88900
2024-03-07 16:00:00+00:00,2160.89990234375,2168.300048828125,2156.39990234375,2167.39990234375,49589
2024-03-07 20:00:00+00:00,2167.39990234375,2169.800048828125,2165.39990234375,2169.0,7173
2024-03-08 00:00:00+00:00,2169.10009765625,2170.699951171875,2161.199951171875,2164.699951171875,12987
2024-03-08 04:00:00+00:00,2164.60009765625,2169.0,2163.39990234375,2168.39990234375,14070
2024-03-08 08:00:00+00:00,2168.39990234375,2178.0,2168.10009765625,2175.39990234375,36143
2024-03-08 12:00:00+00:00,2175.39990234375,2192.699951171875,2163.199951171875,2184.199951171875,121532
2024-03-08 16:00:00+00:00,2184.199951171875,2203.0,2175.300048828125,2183.300048828125,161084
2024-03-08 20:00:00+00:00,2183.39990234375,2186.199951171875,2182.5,2186.199951171875,6571
2024-03-10 20:00:00+00:00,2187.60009765625,2190.60009765625,2184.0,2188.300048828125,9487
2024-03-11 00:00:00+00:00,2188.300048828125,2195.5,2183.39990234375,2186.300048828125,21230
2024-03-11 04:00:00+00:00,2186.199951171875,2189.300048828125,2183.199951171875,2188.800048828125,15138
2024-03-11 08:00:00+00:00,2188.800048828125,2189.60009765625,2182.10009765625,2185.300048828125,34111
2024-03-11 12:00:00+00:00,2185.300048828125,2192.199951171875,2180.89990234375,2190.699951171875,74756
2024-03-11 16:00:00+00:00,2190.60009765625,2191.0,2183.39990234375,2187.699951171875,59477
2024-03-11 20:00:00+00:00,2187.60009765625,2190.800048828125,2186.699951171875,2189.800048828125,4670
2024-03-12 00:00:00+00:00,2189.800048828125,2190.60009765625,2183.0,2183.39990234375,14227
2024-03-12 04:00:00+00:00,2183.60009765625,2185.5,2179.199951171875,2183.199951171875,16864
2024-03-12 08:00:00+00:00,2183.10009765625,2185.10009765625,2176.199951171875,2177.800048828125,31145
2024-03-12 12:00:00+00:00,2177.699951171875,2187.800048828125,2158.199951171875,2168.5,166059
2024-03-12 16:00:00+00:00,2168.60009765625,2172.199951171875,2156.199951171875,2163.0,54618
2024-03-12 20:00:00+00:00,2162.89990234375,2166.60009765625,2161.300048828125,2162.39990234375,7030
2024-03-13 00:00:00+00:00,2162.5,2166.699951171875,2162.10009765625,2164.300048828125,14490
2024-03-13 04:00:00+00:00,2164.300048828125,2166.89990234375,2162.300048828125,2165.10009765625,10379
2024-03-13 08:00:00+00:00,2165.0,2169.60009765625,2162.800048828125,2169.300048828125,30042
2024-03-13 12:00:00+00:00,2169.39990234375,2180.0,2166.699951171875,2177.10009765625,89364
2024-03-13 16:00:00+00:00,2177.199951171875,2185.60009765625,2175.0,2177.89990234375,49181
2024-03-13 20:00:00+00:00,2177.89990234375,2180.60009765625,2177.60009765625,2179.800048828125,5537
2024-03-14 00:00:00+00:00,2179.800048828125,2181.300048828125,2175.300048828125,2176.300048828125,9859
2024-03-14 04:00:00+00:00,2176.5,2176.699951171875,2171.60009765625,2172.800048828125,15847
2024-03-14 08:00:00+00:00,2172.699951171875,2176.300048828125,2171.60009765625,2173.0,20182
2024-03-14 12:00:00+00:00,2173.0,2174.60009765625,2157.0,2161.5,106810
2024-03-14 16:00:00+00:00,2161.39990234375,2169.5,2160.89990234375,2167.800048828125,44402
2024-03-14 20:00:00+00:00,2167.800048828125,2168.300048828125,2164.800048828125,2165.5,2991
2024-03-15 00:00:00+00:00,2165.60009765625,2170.0,2164.39990234375,2168.699951171875,11963
2024-03-15 04:00:00+00:00,2168.60009765625,2174.300048828125,2167.60009765625,2171.10009765625,14362
2024-03-15 08:00:00+00:00,2171.10009765625,2176.89990234375,2169.39990234375,2171.0,27675
2024-03-15 12:00:00+00:00,2171.0,2171.39990234375,2160.39990234375,2163.800048828125,68438
2024-03-15 16:00:00+00:00,2163.800048828125,2167.39990234375,2158.800048828125,2160.699951171875,56388
2024-03-15 20:00:00+00:00,2160.699951171875,2162.0,2158.699951171875,2159.39990234375,2214
2024-03-17 20:00:00+00:00,2159.89990234375,2160.199951171875,2155.10009765625,2159.699951171875,7562
2024-03-18 00:00:00+00:00,2159.699951171875,2160.800048828125,2149.300048828125,2149.699951171875,34793
2024-03-18 04:00:00+00:00,2149.89990234375,2155.699951171875,2149.199951171875,2155.60009765625,13004
2024-03-18 08:00:00+00:00,2155.699951171875,2165.0,2153.60009765625,2164.60009765625,42721
2024-03-18 12:00:00+00:00,2164.699951171875,2167.199951171875,2159.10009765625,2161.89990234375,74338
2024-03-18 16:00:00+00:00,2161.800048828125,2164.800048828125,2158.0,2163.699951171875,32323
2024-03-18 20:00:00+00:00,2163.699951171875,2165.800048828125,2163.0,2165.5,3486
2024-03-19 00:00:00+00:00,2165.60009765625,2166.300048828125,2161.800048828125,2165.0,16456
2024-03-19 04:00:00+00:00,2164.800048828125,2165.5,2157.0,2158.800048828125,17244
2024-03-19 08:00:00+00:00,2159.0,2159.800048828125,2150.199951171875,2158.800048828125,37846
2024-03-19 12:00:00+00:00,2158.699951171875,2162.0,2151.300048828125,2157.39990234375,64091
2024-03-19 16:00:00+00:00,2157.5,2161.39990234375,2156.300048828125,2161.10009765625,28638
2024-03-19 20:00:00+00:00,2161.10009765625,2162.800048828125,2159.699951171875,2160.10009765625,3698
2024-03-20 00:00:00+00:00,2160.10009765625,2163.0,2158.199951171875,2162.60009765625,9025
2024-03-20 04:00:00+00:00,2163.0,2163.300048828125,2159.199951171875,2161.0,12016
2024-03-20 08:00:00+00:00,2160.89990234375,2161.199951171875,2155.0,2156.699951171875,29477
2024-03-20 12:00:00+00:00,2156.800048828125,2168.199951171875,2152.300048828125,2158.800048828125,65009
2024-03-20 16:00:00+00:00,2158.800048828125,2192.199951171875,2158.5,2186.0,101752
2024-03-20 20:00:00+00:00,2186.10009765625,2225.300048828125,2186.0,2205.800048828125,14617
2024-03-21 00:00:00+00:00,2205.89990234375,2214.699951171875,2194.5,2204.800048828125,32990
2024-03-21 04:00:00+00:00,2205.10009765625,2212.39990234375,2204.0,2208.699951171875,18796
2024-03-21 08:00:00+00:00,2208.699951171875,2214.10009765625,2198.699951171875,2209.60009765625,53364
2024-03-21 12:00:00+00:00,2209.60009765625,2211.0,2168.199951171875,2176.39990234375,172789
2024-03-21 16:00:00+00:00,2176.5,2186.300048828125,2174.699951171875,2183.699951171875,55754
2024-03-21 20:00:00+00:00,2183.699951171875,2184.699951171875,2182.699951171875,2183.60009765625,3501
2024-03-22 00:00:00+00:00,2183.60009765625,2188.0,2173.5,2175.199951171875,19652
2024-03-22 04:00:00+00:00,2175.10009765625,2177.60009765625,2163.800048828125,2169.89990234375,25714
2024-03-22 08:00:00+00:00,2169.800048828125,2171.39990234375,2166.300048828125,2167.5,27409
2024-03-22 12:00:00+00:00,2167.5,2181.800048828125,2167.0,2167.89990234375,72669
2024-03-22 16:00:00+00:00,2167.699951171875,2169.10009765625,2158.39990234375,2165.39990234375,48825
2024-03-22 20:00:00+00:00,2165.39990234375,2168.60009765625,2165.0,2166.5,3842
2024-03-24 20:00:00+00:00,2166.60009765625,2170.10009765625,2166.300048828125,2169.39990234375,6194
2024-03-25 00:00:00+00:00,2169.5,2179.5,2165.199951171875,2171.60009765625,36431
2024-03-25 04:00:00+00:00,2171.800048828125,2172.89990234375,2164.39990234375,2167.0,19541
2024-03-25 08:00:00+00:00,2167.0,2173.0,2164.800048828125,2171.5,22906
2024-03-25 12:00:00+00:00,2171.5,2182.5,2171.39990234375,2177.10009765625,77002
2024-03-25 16:00:00+00:00,2176.800048828125,2178.89990234375,2171.800048828125,2172.10009765625,34241
2024-03-25 20:00:00+00:00,2172.199951171875,2174.10009765625,2171.89990234375,2173.39990234375,6756
2024-03-26 00:00:00+00:00,2173.300048828125,2175.0,2168.300048828125,2170.699951171875,11799
2024-03-26 04:00:00+00:00,2170.699951171875,2174.699951171875,2169.89990234375,2173.5,9599
2024-03-26 08:00:00+00:00,2173.5,2200.60009765625,2172.10009765625,2197.199951171875,49892
2024-03-26 12:00:00+00:00,2197.10009765625,2198.0,2172.199951171875,2174.800048828125,85196
2024-03-26 16:00:00+00:00,2174.800048828125,2179.60009765625,2174.699951171875,2178.60009765625,37475
2024-03-26 20:00:00+00:00,2178.60009765625,2179.800048828125,2175.300048828125,2178.0,1376
2024-03-27 00:00:00+00:00,2178.5,2180.300048828125,2172.10009765625,2177.0,2578
2024-03-27 04:00:00+00:00,2176.60009765625,2201.39990234375,2174.5,2201.199951171875,28517
2024-03-27 08:00:00+00:00,2201.199951171875,2218.300048828125,2175.5,2209.199951171875,47026
2024-03-27 12:00:00+00:00,2209.199951171875,2216.10009765625,2182.300048828125,2211.199951171875,70373
2024-03-27 16:00:00+00:00,2189.0,2214.89990234375,2187.699951171875,2214.10009765625,30394
2024-03-27 20:00:00+00:00,2214.0,2215.89990234375,2190.0,2210.89990234375,4816
2024-03-28 00:00:00+00:00,2211.0,2217.199951171875,2187.10009765625,2215.0,14184
2024-03-28 04:00:00+00:00,2215.39990234375,2222.199951171875,2193.39990234375,2214.0,17323
2024-03-28 08:00:00+00:00,2214.0,2234.39990234375,2191.800048828125,2231.10009765625,52650
2024-03-28 12:00:00+00:00,2231.0,2238.699951171875,2204.0,2236.39990234375,91978
2024-03-28 16:00:00+00:00,2236.39990234375,2246.800048828125,2215.199951171875,2242.5,50271
2024-03-28 20:00:00+00:00,2242.39990234375,2256.89990234375,2240.199951171875,2254.800048828125,9752
2024-03-31 20:00:00+00:00,2259.199951171875,2267.800048828125,2255.5,2266.199951171875,12840
2024-04-01 00:00:00+00:00,2266.39990234375,2285.89990234375,2264.199951171875,2285.39990234375,32674
2024-04-01 04:00:00+00:00,2285.300048828125,2286.39990234375,2277.60009765625,2278.300048828125,17929
2024-04-01 08:00:00+00:00,2278.199951171875,2280.800048828125,2266.199951171875,2267.199951171875,25169
2024-04-01 12:00:00+00:00,2267.300048828125,2279.0,2249.10009765625,2260.300048828125,87570
2024-04-01 16:00:00+00:00,2260.300048828125,2265.199951171875,2255.10009765625,2265.10009765625,29854
2024-04-01 20:00:00+00:00,2265.10009765625,2276.0,2263.5,2269.39990234375,8809
2024-04-02 00:00:00+00:00,2269.300048828125,2275.699951171875,2267.10009765625,2271.60009765625,21553
2024-04-02 04:00:00+00:00,2271.800048828125,2280.10009765625,2270.39990234375,2276.800048828125,19747
2024-04-02 08:00:00+00:00,2276.699951171875,2287.5,2275.5,2281.10009765625,49947
2024-04-02 12:00:00+00:00,2281.0,2297.89990234375,2271.10009765625,2279.199951171875,120396
2024-04-02 16:00:00+00:00,2279.10009765625,2300.199951171875,2274.60009765625,2298.10009765625,44811
2024-04-02 20:00:00+00:00,2298.10009765625,2308.800048828125,2296.300048828125,2300.10009765625,8394
2024-04-03 00:00:00+00:00,2300.10009765625,2308.300048828125,2296.800048828125,2305.199951171875,28121
2024-04-03 04:00:00+00:00,2305.199951171875,2307.300048828125,2290.300048828125,2291.300048828125,27253
2024-04-03 08:00:00+00:00,2291.199951171875,2296.300048828125,2287.699951171875,2294.0,35905
2024-04-03 12:00:00+00:00,2294.0,2309.199951171875,2285.699951171875,2306.699951171875,89359
2024-04-03 16:00:00+00:00,2306.699951171875,2319.699951171875,2301.199951171875,2318.10009765625,50954
2024-04-03 20:00:00+00:00,2318.0,2322.699951171875,2316.199951171875,2317.39990234375,8265
2024-04-04 00:00:00+00:00,2317.39990234375,2324.800048828125,2317.10009765625,2318.5,17377
2024-04-04 04:00:00+00:00,2318.60009765625,2320.0,2310.800048828125,2312.199951171875,19655
2024-04-04 08:00:00+00:00,2312.10009765625,2314.60009765625,2308.0,2308.5,23246
2024-04-04 12:00:00+00:00,2308.60009765625,2318.89990234375,2301.800048828125,2311.300048828125,78785
2024-04-04 16:00:00+00:00,2311.199951171875,2325.300048828125,2298.699951171875,2304.300048828125,74597
2024-04-04 20:00:00+00:00,2304.199951171875,2312.300048828125,2304.199951171875,2307.60009765625,7195
2024-04-05 00:00:00+00:00,2307.699951171875,2309.199951171875,2286.199951171875,2295.39990234375,30802
2024-04-05 04:00:00+00:00,2295.300048828125,2309.800048828125,2295.10009765625,2308.199951171875,24787
2024-04-05 08:00:00+00:00,2308.10009765625,2315.39990234375,2303.89990234375,2310.39990234375,22897
2024-04-05 12:00:00+00:00,2310.199951171875,2348.0,2299.60009765625,2345.60009765625,152628
2024-04-05 16:00:00+00:00,2345.699951171875,2350.0,2339.699951171875,2342.39990234375,43369
2024-04-05 20:00:00+00:00,2342.39990234375,2349.699951171875,2341.89990234375,2349.10009765625,4183
2024-04-07 20:00:00+00:00,2343.60009765625,2348.10009765625,2323.10009765625,2330.10009765625,17690
2024-04-08 00:00:00+00:00,2330.5,2372.5,2321.699951171875,2361.89990234375,59283
2024-04-08 04:00:00+00:00,2364.5,2364.5,2350.39990234375,2356.5,32816
2024-04-08 08:00:00+00:00,2356.5,2362.60009765625,2352.10009765625,2356.199951171875,28815
2024-04-08 12:00:00+00:00,2356.199951171875,2357.0,2336.800048828125,2346.699951171875,100874
2024-04-08 16:00:00+00:00,2346.800048828125,2361.300048828125,2344.60009765625,2357.699951171875,33738
2024-04-08 20:00:00+00:00,2357.5,2359.39990234375,2355.699951171875,2357.699951171875,4231
2024-04-09 00:00:00+00:00,2357.800048828125,2367.5,2356.300048828125,2362.60009765625,23947
2024-04-09 04:00:00+00:00,2362.60009765625,2376.0,2361.5,2372.800048828125,29225
2024-04-09 08:00:00+00:00,2372.800048828125,2384.5,2368.10009765625,2373.199951171875,43900
2024-04-09 12:00:00+00:00,2373.199951171875,2383.10009765625,2357.0,2359.10009765625,127910
2024-04-09 16:00:00+00:00,2359.10009765625,2370.10009765625,2358.800048828125,2369.60009765625,38806
2024-04-09 20:00:00+00:00,2369.800048828125,2374.199951171875,2368.800048828125,2373.39990234375,5338
2024-04-10 00:00:00+00:00,2373.39990234375,2374.300048828125,2362.89990234375,2369.60009765625,18648
2024-04-10 04:00:00+00:00,2369.39990234375,2378.10009765625,2369.10009765625,2371.199951171875,23047
2024-04-10 08:00:00+00:00,2371.300048828125,2374.300048828125,2363.300048828125,2365.60009765625,29657
2024-04-10 12:00:00+00:00,2365.60009765625,2371.0,2337.10009765625,2355.300048828125,192082
2024-04-10 16:00:00+00:00,2355.5,2363.699951171875,2343.89990234375,2347.800048828125,70869
2024-04-10 20:00:00+00:00,2347.800048828125,2354.5,2347.699951171875,2352.89990234375,4998
2024-04-11 00:00:00+00:00,2353.0,2364.10009765625,2350.60009765625,2361.300048828125,14307
2024-04-11 04:00:00+00:00,2361.10009765625,2363.300048828125,2350.89990234375,2353.89990234375,21916
2024-04-11 08:00:00+00:00,2353.89990234375,2357.0,2343.10009765625,2354.800048828125,30971
2024-04-11 12:00:00+00:00,2354.699951171875,2365.199951171875,2349.199951171875,2362.300048828125,96454
2024-04-11 16:00:00+00:00,2362.300048828125,2392.5,2360.199951171875,2390.699951171875,72389
2024-04-11 20:00:00+00:00,2390.800048828125,2397.199951171875,2388.60009765625,2394.300048828125,10744
2024-04-12 00:00:00+00:00,2394.5,2412.800048828125,2392.10009765625,2401.5,46966
2024-04-12 04:00:00+00:00,2401.60009765625,2418.0,2400.0,2417.39990234375,35925
2024-04-12 08:00:00+00:00,2417.39990234375,2418.199951171875,2407.5,2412.699951171875,39632
2024-04-12 12:00:00+00:00,2412.699951171875,2448.800048828125,2399.199951171875,2412.800048828125,186501
2024-04-12 16:00:00+00:00,2412.60009765625,2412.60009765625,2350.60009765625,2360.10009765625,143683
2024-04-12 20:00:00+00:00,2360.300048828125,2361.89990234375,2358.5,2360.199951171875,3974
2024-04-14 20:00:00+00:00,2369.39990234375,2389.60009765625,2363.0,2381.199951171875,23985
2024-04-15 00:00:00+00:00,2381.199951171875,2382.39990234375,2364.199951171875,2374.89990234375,37401
2024-04-15 04:00:00+00:00,2374.60009765625,2378.800048828125,2366.199951171875,2369.199951171875,29287
2024-04-15 08:00:00+00:00,2369.199951171875,2378.0,2360.60009765625,2374.699951171875,42844
2024-04-15 12:00:00+00:00,2374.699951171875,2378.199951171875,2340.199951171875,2368.300048828125,119522
2024-04-15 16:00:00+00:00,2368.199951171875,2404.300048828125,2362.60009765625,2403.10009765625,75309
2024-04-15 20:00:00+00:00,2403.199951171875,2408.5,2396.800048828125,2398.39990234375,7816
2024-04-16 00:00:00+00:00,2398.300048828125,2405.89990234375,2395.60009765625,2404.10009765625,26221
2024-04-16 04:00:00+00:00,2404.5,2405.300048828125,2379.199951171875,2381.89990234375,35646
2024-04-16 08:00:00+00:00,2381.89990234375,2391.699951171875,2381.300048828125,2390.39990234375,31166
2024-04-16 12:00:00+00:00,2390.5,2409.800048828125,2379.60009765625,2402.60009765625,117097
2024-04-16 16:00:00+00:00,2402.5,2414.800048828125,2396.300048828125,2406.39990234375,70213
2024-04-16 20:00:00+00:00,2406.300048828125,2407.0,2395.199951171875,2398.800048828125,9180
2024-04-17 00:00:00+00:00,2398.89990234375,2402.300048828125,2396.89990234375,2398.0,21355
2024-04-17 04:00:00+00:00,2397.800048828125,2399.39990234375,2389.0,2398.699951171875,18955
2024-04-17 08:00:00+00:00,2398.800048828125,2410.60009765625,2398.800048828125,2403.60009765625,35281
2024-04-17 12:00:00+00:00,2403.699951171875,2412.0,2394.10009765625,2398.39990234375,86482
2024-04-17 16:00:00+00:00,2398.5,2400.800048828125,2376.5,2388.39990234375,103024
2024-04-17 20:00:00+00:00,2388.39990234375,2389.10009765625,2370.699951171875,2382.800048828125,9929
2024-04-18 00:00:00+00:00,2383.0,2390.0,2378.699951171875,2389.5,18163
2024-04-18 04:00:00+00:00,2389.5,2395.60009765625,2387.800048828125,2392.60009765625,20564
2024-04-18 08:00:00+00:00,2392.699951171875,2400.300048828125,2392.10009765625,2395.800048828125,25844
2024-04-18 12:00:00+00:00,2395.89990234375,2408.0,2384.300048828125,2399.199951171875,86841
2024-04-18 16:00:00+00:00,2399.39990234375,2404.5,2392.89990234375,2395.39990234375,37067
2024-04-18 20:00:00+00:00,2395.39990234375,2396.39990234375,2392.0,2394.699951171875,3833
2024-04-19 00:00:00+00:00,2394.60009765625,2433.300048828125,2388.5,2405.300048828125,88312
2024-04-19 04:00:00+00:00,2405.89990234375,2408.800048828125,2393.10009765625,2400.199951171875,36062
2024-04-19 08:00:00+00:00,2400.0,2401.0,2386.800048828125,2391.5,36704
2024-04-19 12:00:00+00:00,2391.699951171875,2410.89990234375,2387.699951171875,2409.699951171875,60955
2024-04-19 16:00:00+00:00,2410.0,2417.10009765625,2401.5,2402.5,36442
2024-04-19 20:00:00+00:00,2402.60009765625,2407.300048828125,2401.60009765625,2406.699951171875,3197
2024-04-21 20:00:00+00:00,2403.699951171875,2404.300048828125,2396.0,2400.699951171875,10245
2024-04-22 00:00:00+00:00,2400.699951171875,2400.699951171875,2374.0,2383.0,32146
2024-04-22 04:00:00+00:00,2383.0,2386.699951171875,2365.199951171875,2374.800048828125,34245
2024-04-22 08:00:00+00:00,2374.800048828125,2377.699951171875,2353.0,2356.0,42254
2024-04-22 12:00:00+00:00,2356.0,2364.39990234375,2344.699951171875,2348.60009765625,90179
2024-04-22 16:00:00+00:00,2348.60009765625,2350.39990234375,2338.199951171875,2343.300048828125,44182
2024-04-22 20:00:00+00:00,2343.300048828125,2347.60009765625,2339.5,2347.39990234375,6405
2024-04-23 00:00:00+00:00,2347.199951171875,2347.89990234375,2308.699951171875,2316.39990234375,57823
2024-04-23 04:00:00+00:00,2315.89990234375,2328.39990234375,2312.300048828125,2322.699951171875,28605
2024-04-23 08:00:00+00:00,2322.699951171875,2323.300048828125,2304.60009765625,2315.89990234375,40615
2024-04-23 12:00:00+00:00,2315.89990234375,2345.800048828125,2315.0,2336.89990234375,90015
2024-04-23 16:00:00+00:00,2337.0,2345.199951171875,2334.89990234375,2335.89990234375,36329
2024-04-23 20:00:00+00:00,2336.10009765625,2337.89990234375,2334.800048828125,2336.800048828125,3992
2024-04-24 00:00:00+00:00,2336.699951171875,2341.39990234375,2329.0,2341.10009765625,17848
2024-04-24 04:00:00+00:00,2341.10009765625,2344.39990234375,2333.60009765625,2333.60009765625,16898
2024-04-24 08:00:00+00:00,2333.60009765625,2334.89990234375,2324.800048828125,2329.300048828125,25807
2024-04-24 12:00:00+00:00,2329.300048828125,2350.89990234375,2325.10009765625,2336.0,74242
2024-04-24 16:00:00+00:00,2335.89990234375,2344.0,2330.89990234375,2332.10009765625,36282
2024-04-24 20:00:00+00:00,2332.199951171875,2332.699951171875,2326.699951171875,2328.199951171875,7502
2024-04-25 00:00:00+00:00,2328.300048828125,2333.89990234375,2316.39990234375,2325.0,19590
2024-04-25 04:00:00+00:00,2324.89990234375,2338.60009765625,2324.0,2338.0,16414
2024-04-25 08:00:00+00:00,2338.10009765625,2343.0,2336.39990234375,2340.699951171875,20682
2024-04-25 12:00:00+00:00,2340.60009765625,2357.60009765625,2323.800048828125,2342.5,123511
2024-04-25 16:00:00+00:00,2342.699951171875,2348.800048828125,2335.199951171875,2345.300048828125,30981
2024-04-25 20:00:00+00:00,2345.39990234375,2348.0,2342.10009765625,2342.5,2800
2024-04-26 00:00:00+00:00,2342.5,2348.39990234375,2338.10009765625,2347.0,11059
2024-04-26 04:00:00+00:00,2346.89990234375,2359.60009765625,2345.699951171875,2357.60009765625,24388
2024-04-26 08:00:00+00:00,2357.39990234375,2364.39990234375,2355.199951171875,2356.800048828125,26159
2024-04-26 12:00:00+00:00,2357.0,2363.89990234375,2340.199951171875,2348.5,70773
2024-04-26 16:00:00+00:00,2348.60009765625,2353.199951171875,2344.300048828125,2351.5,25665
2024-04-26 20:00:00+00:00,2351.60009765625,2351.800048828125,2348.199951171875,2349.60009765625,2660
2024-04-28 20:00:00+00:00,2347.60009765625,2349.0,2344.0,2347.39990234375,5765
2024-04-29 00:00:00+00:00,2347.5,2347.800048828125,2331.0,2339.699951171875,22124
2024-04-29 04:00:00+00:00,2339.39990234375,2349.199951171875,2338.39990234375,2348.800048828125,24881
2024-04-29 08:00:00+00:00,2348.800048828125,2356.0,2346.5,2348.39990234375,26327
2024-04-29 12:00:00+00:00,2348.39990234375,2351.199951171875,2336.800048828125,2349.5,47655
2024-04-29 16:00:00+00:00,2349.39990234375,2358.89990234375,2344.60009765625,2347.39990234375,51235
2024-04-29 20:00:00+00:00,2347.39990234375,2348.89990234375,2343.89990234375,2344.300048828125,4397
2024-04-30 00:00:00+00:00,2344.5,2347.39990234375,2337.800048828125,2340.300048828125,16923
2024-04-30 04:00:00+00:00,2340.60009765625,2340.800048828125,2325.699951171875,2328.60009765625,26558
2024-04-30 08:00:00+00:00,2328.60009765625,2329.39990234375,2320.199951171875,2323.699951171875,32088
2024-04-30 12:00:00+00:00,2323.699951171875,2324.39990234375,2304.0,2306.800048828125,86614
2024-04-30 16:00:00+00:00,2306.699951171875,2310.300048828125,2300.0,2301.89990234375,49763
2024-04-30 20:00:00+00:00,2301.89990234375,2304.800048828125,2296.199951171875,2302.0,8854
2024-05-01 00:00:00+00:00,2302.0,2303.39990234375,2292.800048828125,2294.5,14339
2024-05-01 04:00:00+00:00,2294.199951171875,2300.39990234375,2291.699951171875,2296.300048828125,13737
2024-05-01 08:00:00+00:00,2296.199951171875,2307.89990234375,2294.199951171875,2305.300048828125,25228
2024-05-01 12:00:00+00:00,2305.39990234375,2321.5,2304.89990234375,2317.89990234375,69309
2024-05-01 16:00:00+00:00,2318.10009765625,2339.5,2305.800048828125,2320.800048828125,80303
2024-05-01 20:00:00+00:00,2320.60009765625,2334.60009765625,2317.89990234375,2333.39990234375,4079
2024-05-02 00:00:00+00:00,2333.5,2336.10009765625,2326.699951171875,2329.0,11117
2024-05-02 04:00:00+00:00,2328.800048828125,2330.300048828125,2317.5,2318.5,16665
2024-05-02 08:00:00+00:00,2318.699951171875,2320.5,2304.10009765625,2308.300048828125,30173
2024-05-02 12:00:00+00:00,2308.199951171875,2316.5,2294.300048828125,2309.199951171875,83933
2024-05-02 16:00:00+00:00,2309.300048828125,2318.699951171875,2307.300048828125,2312.39990234375,33455
2024-05-02 20:00:00+00:00,2312.39990234375,2315.0,2310.10009765625,2313.5,3702
2024-05-03 00:00:00+00:00,2313.39990234375,2315.60009765625,2308.60009765625,2310.89990234375,10682
2024-05-03 04:00:00+00:00,2311.300048828125,2317.60009765625,2306.39990234375,2308.0,14724
2024-05-03 08:00:00+00:00,2307.89990234375,2311.60009765625,2304.800048828125,2307.0,16577
2024-05-03 12:00:00+00:00,2307.10009765625,2330.699951171875,2285.199951171875,2302.300048828125,144321
2024-05-03 16:00:00+00:00,2302.39990234375,2312.0,2301.39990234375,2310.199951171875,34771
2024-05-03 20:00:00+00:00,2310.300048828125,2312.300048828125,2309.60009765625,2310.10009765625,2553
2024-05-05 20:00:00+00:00,2312.800048828125,2314.60009765625,2302.10009765625,2302.699951171875,7294
2024-05-06 00:00:00+00:00,2302.699951171875,2324.5,2300.60009765625,2318.199951171875,26214
2024-05-06 04:00:00+00:00,2318.300048828125,2333.10009765625,2317.10009765625,2331.60009765625,18314
2024-05-06 08:00:00+00:00,2331.60009765625,2331.800048828125,2324.300048828125,2326.800048828125,30635
2024-05-06 12:00:00+00:00,2326.800048828125,2341.89990234375,2322.89990234375,2333.39990234375,63305
2024-05-06 16:00:00+00:00,2333.60009765625,2336.39990234375,2326.300048828125,2333.60009765625,39182
2024-05-06 20:00:00+00:00,2333.60009765625,2337.39990234375,2330.89990234375,2334.60009765625,6940
2024-05-07 00:00:00+00:00,2334.800048828125,2338.60009765625,2328.199951171875,2333.199951171875,21146
2024-05-07 04:00:00+00:00,2333.300048828125,2333.5,2325.39990234375,2327.60009765625,16760
2024-05-07 08:00:00+00:00,2327.60009765625,2328.199951171875,2320.0,2320.800048828125,22433
2024-05-07 12:00:00+00:00,2320.60009765625,2332.5,2318.199951171875,2323.199951171875,80719
2024-05-07 16:00:00+00:00,2323.10009765625,2325.800048828125,2319.300048828125,2323.10009765625,37912
2024-05-07 20:00:00+00:00,2323.10009765625,2325.199951171875,2321.0,2323.300048828125,2877
2024-05-08 00:00:00+00:00,2323.199951171875,2325.800048828125,2314.10009765625,2324.199951171875,18964
2024-05-08 04:00:00+00:00,2324.699951171875,2329.60009765625,2312.699951171875,2313.5,18274
2024-05-08 08:00:00+00:00,2313.39990234375,2326.0,2311.39990234375,2322.39990234375,30091
2024-05-08 12:00:00+00:00,2322.5,2328.300048828125,2314.199951171875,2328.300048828125,87959
2024-05-08 16:00:00+00:00,2328.199951171875,2329.0,2315.800048828125,2316.10009765625,36323
2024-05-08 20:00:00+00:00,2316.199951171875,2318.10009765625,2315.0,2315.800048828125,4801
2024-05-09 00:00:00+00:00,2315.89990234375,2320.199951171875,2314.60009765625,2319.39990234375,12411
2024-05-09 04:00:00+00:00,2319.300048828125,2326.5,2313.39990234375,2315.89990234375,20206
2024-05-09 08:00:00+00:00,2315.699951171875,2323.39990234375,2312.89990234375,2322.39990234375,23939
2024-05-09 12:00:00+00:00,2322.60009765625,2345.800048828125,2318.0,2337.199951171875,125616
2024-05-09 16:00:00+00:00,2337.300048828125,2351.199951171875,2335.800048828125,2350.60009765625,34221
2024-05-09 20:00:00+00:00,2350.60009765625,2355.39990234375,2340.300048828125,2353.39990234375,7858
2024-05-10 00:00:00+00:00,2353.5,2362.800048828125,2352.800048828125,2359.800048828125,22810
2024-05-10 04:00:00+00:00,2360.300048828125,2377.199951171875,2358.0,2373.5,35185
2024-05-10 08:00:00+00:00,2373.5,2385.300048828125,2372.5,2378.89990234375,34246
2024-05-10 12:00:00+00:00,2378.800048828125,2382.5,2363.10009765625,2371.39990234375,98144
2024-05-10 16:00:00+00:00,2371.5,2377.699951171875,2368.10009765625,2369.800048828125,48854
2024-05-10 20:00:00+00:00,2370.0,2371.60009765625,2366.199951171875,2366.89990234375,3098
2024-05-12 20:00:00+00:00,2369.10009765625,2370.5,2365.800048828125,2366.60009765625,4830
2024-05-13 00:00:00+00:00,2366.60009765625,2370.800048828125,2361.10009765625,2364.0,13302
2024-05-13 04:00:00+00:00,2363.5,2363.5,2352.39990234375,2354.60009765625,22890
2024-05-13 08:00:00+00:00,2354.60009765625,2356.5,2344.10009765625,2350.60009765625,42823
2024-05-13 12:00:00+00:00,2350.5,2356.300048828125,2338.699951171875,2342.0,94367
2024-05-13 16:00:00+00:00,2341.89990234375,2344.60009765625,2340.300048828125,2343.5,39351
2024-05-13 20:00:00+00:00,2343.60009765625,2345.10009765625,2341.300048828125,2344.10009765625,5385
2024-05-14 00:00:00+00:00,2344.0,2349.89990234375,2340.5,2348.699951171875,14562
2024-05-14 04:00:00+00:00,2348.699951171875,2351.5,2341.60009765625,2344.800048828125,17843
2024-05-14 08:00:00+00:00,2344.89990234375,2354.0,2343.300048828125,2349.300048828125,30331
2024-05-14 12:00:00+00:00,2349.300048828125,2362.89990234375,2342.0,2353.5,83868
2024-05-14 16:00:00+00:00,2353.39990234375,2365.199951171875,2351.60009765625,2362.10009765625,33555
2024-05-14 20:00:00+00:00,2362.199951171875,2364.0,2360.300048828125,2361.39990234375,3252
2024-05-15 00:00:00+00:00,2361.39990234375,2366.800048828125,2360.5,2366.199951171875,11805
2024-05-15 04:00:00+00:00,2366.0,2371.800048828125,2361.0,2368.0,17857
2024-05-15 08:00:00+00:00,2368.0,2380.199951171875,2367.699951171875,2368.5,27530
2024-05-15 12:00:00+00:00,2368.5,2392.60009765625,2357.10009765625,2383.300048828125,128503
2024-05-15 16:00:00+00:00,2383.300048828125,2396.10009765625,2382.699951171875,2391.89990234375,50947
2024-05-15 20:00:00+00:00,2392.0,2396.800048828125,2390.10009765625,2396.5,8524
2024-05-16 00:00:00+00:00,2396.60009765625,2402.699951171875,2391.199951171875,2393.0,18299
2024-05-16 04:00:00+00:00,2393.39990234375,2398.800048828125,2388.60009765625,2393.800048828125,17472
2024-05-16 08:00:00+00:00,2393.800048828125,2396.0,2385.39990234375,2389.0,18586
2024-05-16 12:00:00+00:00,2389.10009765625,2391.0,2375.199951171875,2386.0,94631
2024-05-16 16:00:00+00:00,2386.10009765625,2388.300048828125,2382.300048828125,2382.699951171875,26786
2024-05-16 20:00:00+00:00,2382.89990234375,2384.199951171875,2380.39990234375,2382.10009765625,3338
2024-05-17 00:00:00+00:00,2382.10009765625,2385.0,2377.800048828125,2381.10009765625,10212
2024-05-17 04:00:00+00:00,2381.60009765625,2392.199951171875,2380.300048828125,2387.800048828125,17834
2024-05-17 08:00:00+00:00,2387.89990234375,2394.39990234375,2385.5,2394.10009765625,24014
2024-05-17 12:00:00+00:00,2394.0,2423.699951171875,2391.10009765625,2412.300048828125,109754
2024-05-17 16:00:00+00:00,2412.39990234375,2423.89990234375,2410.300048828125,2420.800048828125,39674
2024-05-17 20:00:00+00:00,2421.0,2427.39990234375,2418.10009765625,2419.800048828125,6417
2024-05-19 20:00:00+00:00,2422.199951171875,2429.800048828125,2421.199951171875,2424.89990234375,8275
2024-05-20 00:00:00+00:00,2425.0,2445.0,2421.0,2441.300048828125,38042
2024-05-20 04:00:00+00:00,2441.5,2454.199951171875,2435.800048828125,2446.300048828125,39580
2024-05-20 08:00:00+00:00,2446.199951171875,2451.5,2431.39990234375,2434.60009765625,35980
2024-05-20 12:00:00+00:00,2434.39990234375,2434.699951171875,2411.10009765625,2429.0,112095
2024-05-20 16:00:00+00:00,2429.10009765625,2441.5,2426.5,2430.800048828125,37243
2024-05-20 20:00:00+00:00,2431.0,2434.5,2427.60009765625,2430.10009765625,5850
2024-05-21 00:00:00+00:00,2430.199951171875,2436.89990234375,2408.5,2417.39990234375,41830
2024-05-21 04:00:00+00:00,2416.89990234375,2425.89990234375,2412.10009765625,2423.0,33834
2024-05-21 08:00:00+00:00,2423.199951171875,2427.800048828125,2415.89990234375,2427.5,32469
2024-05-21 12:00:00+00:00,2427.5,2438.199951171875,2423.800048828125,2427.10009765625,83997
2024-05-21 16:00:00+00:00,2427.199951171875,2429.199951171875,2421.300048828125,2427.5,28137
2024-05-21 20:00:00+00:00,2427.5,2427.60009765625,2424.699951171875,2425.39990234375,3552
2024-05-22 00:00:00+00:00,2425.300048828125,2430.5,2415.800048828125,2417.60009765625,18605
2024-05-22 04:00:00+00:00,2417.300048828125,2422.10009765625,2414.60009765625,2420.800048828125,21184
2024-05-22 08:00:00+00:00,2420.699951171875,2422.89990234375,2408.0,2412.0,33693
2024-05-22 12:00:00+00:00,2412.10009765625,2418.699951171875,2385.300048828125,2395.5,113370
2024-05-22 16:00:00+00:00,2395.39990234375,2398.39990234375,2378.0,2382.39990234375,52683
2024-05-22 20:00:00+00:00,2382.39990234375,2384.699951171875,2380.699951171875,2384.199951171875,5917
2024-05-23 00:00:00+00:00,2384.199951171875,2385.699951171875,2368.39990234375,2374.39990234375,29732
2024-05-23 04:00:00+00:00,2374.39990234375,2375.800048828125,2356.800048828125,2358.300048828125,35420
2024-05-23 08:00:00+00:00,2358.10009765625,2371.60009765625,2357.0,2370.300048828125,24585
2024-05-23 12:00:00+00:00,2370.199951171875,2372.199951171875,2341.199951171875,2347.800048828125,119770
2024-05-23 16:00:00+00:00,2347.699951171875,2351.800048828125,2332.39990234375,2333.300048828125,46481
2024-05-23 20:00:00+00:00,2333.300048828125,2334.89990234375,2328.10009765625,2333.300048828125,5488
2024-05-24 00:00:00+00:00,2333.39990234375,2336.5,2326.300048828125,2331.699951171875,22601
2024-05-24 04:00:00+00:00,2331.60009765625,2341.699951171875,2331.60009765625,2338.699951171875,20764
2024-05-24 08:00:00+00:00,2338.699951171875,2345.39990234375,2337.0,2339.5,40577
2024-05-24 12:00:00+00:00,2339.5,2349.0,2333.60009765625,2335.800048828125,60951
2024-05-24 16:00:00+00:00,2335.800048828125,2338.199951171875,2332.800048828125,2335.0,21454
2024-05-24 20:00:00+00:00,2335.10009765625,2336.39990234375,2334.699951171875,2335.199951171875,1957
2024-05-26 20:00:00+00:00,2338.0,2342.199951171875,2333.800048828125,2338.699951171875,4753
2024-05-27 00:00:00+00:00,2338.800048828125,2348.89990234375,2335.800048828125,2347.5,12323
2024-05-28 04:00:00+00:00,2351.89990234375,2354.39990234375,2342.199951171875,2344.699951171875,22861
2024-05-28 08:00:00+00:00,2344.699951171875,2349.60009765625,2340.800048828125,2348.60009765625,28233
2024-05-28 12:00:00+00:00,2348.5,2365.5,2347.10009765625,2361.300048828125,91558
2024-05-28 16:00:00+00:00,2361.199951171875,2363.0,2353.5,2358.89990234375,38967
2024-05-28 20:00:00+00:00,2358.89990234375,2363.699951171875,2358.60009765625,2360.699951171875,5283
2024-05-29 00:00:00+00:00,2360.5,2361.800048828125,2355.0,2358.800048828125,7494
2024-05-29 04:00:00+00:00,2359.10009765625,2361.800048828125,2350.5,2350.89990234375,14459
2024-05-29 08:00:00+00:00,2351.10009765625,2352.300048828125,2338.60009765625,2341.89990234375,21709
2024-05-29 12:00:00+00:00,2341.699951171875,2347.699951171875,2334.199951171875,2339.0,43279
2024-05-29 16:00:00+00:00,2338.800048828125,2343.89990234375,2335.800048828125,2336.199951171875,24642
2024-05-29 20:00:00+00:00,2336.39990234375,2338.39990234375,2335.10009765625,2337.300048828125,1788
2024-05-30 00:00:00+00:00,2336.5,2339.10009765625,2326.60009765625,2332.60009765625,2162
2024-05-30 04:00:00+00:00,2332.89990234375,2356.89990234375,2320.800048828125,2355.699951171875,48514
2024-05-30 08:00:00+00:00,2355.800048828125,2363.10009765625,2328.699951171875,2357.199951171875,36256
2024-05-30 12:00:00+00:00,2357.199951171875,2373.699951171875,2330.300048828125,2365.199951171875,70659
2024-05-30 16:00:00+00:00,2365.199951171875,2370.300048828125,2337.800048828125,2362.60009765625,19134
2024-05-30 20:00:00+00:00,2339.60009765625,2368.699951171875,2339.60009765625,2365.0,3559
2024-05-31 00:00:00+00:00,2365.0,2369.0,2338.800048828125,2364.10009765625,14163
2024-05-31 04:00:00+00:00,2364.800048828125,2368.0,2338.300048828125,2361.300048828125,13612
2024-05-31 08:00:00+00:00,2361.300048828125,2365.89990234375,2341.0,2364.800048828125,12134
2024-05-31 12:00:00+00:00,2364.699951171875,2381.199951171875,2326.0,2351.300048828125,85392
2024-05-31 16:00:00+00:00,2351.10009765625,2357.89990234375,2319.0,2348.39990234375,42307
2024-05-31 20:00:00+00:00,2348.300048828125,2351.199951171875,2347.60009765625,2347.699951171875,3262
2024-06-02 20:00:00+00:00,2348.0,2349.800048828125,2343.5,2346.10009765625,5077
2024-06-03 00:00:00+00:00,2346.199951171875,2351.39990234375,2340.5,2342.0,13720
2024-06-03 04:00:00+00:00,2341.800048828125,2349.5,2334.800048828125,2346.5,24375
2024-06-03 08:00:00+00:00,2346.5,2354.0,2344.60009765625,2350.300048828125,23361
2024-06-03 12:00:00+00:00,2350.39990234375,2366.60009765625,2345.89990234375,2363.39990234375,66909
2024-06-03 16:00:00+00:00,2363.39990234375,2375.5,2361.89990234375,2368.0,30756
2024-06-03 20:00:00+00:00,2368.10009765625,2372.5,2367.39990234375,2370.89990234375,2257
2024-06-04 00:00:00+00:00,2370.800048828125,2373.10009765625,2363.5,2366.5,11254
2024-06-04 04:00:00+00:00,2366.0,2372.0,2359.0,2359.699951171875,18840
2024-06-04 08:00:00+00:00,2359.60009765625,2359.800048828125,2345.199951171875,2347.89990234375,33873
2024-06-04 12:00:00+00:00,2347.800048828125,2358.39990234375,2335.10009765625,2346.0,75560
2024-06-04 16:00:00+00:00,2346.10009765625,2350.10009765625,2342.300048828125,2347.10009765625,22405
2024-06-04 20:00:00+00:00,2347.10009765625,2348.39990234375,2345.800048828125,2348.300048828125,2242
2024-06-05 00:00:00+00:00,2348.39990234375,2358.0,2345.300048828125,2356.89990234375,13847
2024-06-05 04:00:00+00:00,2357.199951171875,2361.699951171875,2347.800048828125,2351.10009765625,19899
2024-06-05 08:00:00+00:00,2351.10009765625,2355.60009765625,2348.699951171875,2352.199951171875,27826
2024-06-05 12:00:00+00:00,2352.10009765625,2377.60009765625,2351.89990234375,2373.699951171875,81300
2024-06-05 16:00:00+00:00,2373.800048828125,2377.0,2371.199951171875,2374.0,20485
2024-06-05 20:00:00+00:00,2374.10009765625,2377.0,2372.800048828125,2374.0,3570
2024-06-06 00:00:00+00:00,2374.0,2394.60009765625,2373.39990234375,2387.800048828125,27995
2024-06-06 04:00:00+00:00,2387.800048828125,2390.5,2380.89990234375,2381.699951171875,17497
2024-06-06 08:00:00+00:00,2381.60009765625,2382.800048828125,2377.39990234375,2378.800048828125,14512
2024-06-06 12:00:00+00:00,2378.800048828125,2397.800048828125,2372.199951171875,2393.300048828125,70491
2024-06-06 16:00:00+00:00,2393.5,2396.300048828125,2388.0,2391.60009765625,27495
2024-06-06 20:00:00+00:00,2391.60009765625,2397.0,2391.300048828125,2395.5,2559
2024-06-07 00:00:00+00:00,2395.5,2400.60009765625,2388.300048828125,2398.800048828125,19594
2024-06-07 04:00:00+00:00,2398.89990234375,2406.699951171875,2391.5,2392.300048828125,25797
2024-06-07 08:00:00+00:00,2392.199951171875,2392.699951171875,2349.0,2355.0,72905
2024-06-07 12:00:00+00:00,2354.89990234375,2357.5,2322.10009765625,2322.699951171875,123058
2024-06-07 16:00:00+00:00,2322.699951171875,2332.5,2305.10009765625,2305.800048828125,48883
2024-06-07 20:00:00+00:00,2305.800048828125,2325.0,2304.199951171875,2325.0,6478
2024-06-09 20:00:00+00:00,2311.0,2317.0,2305.89990234375,2315.5,6495
2024-06-10 00:00:00+00:00,2315.5,2318.300048828125,2310.800048828125,2312.0,12104
2024-06-10 04:00:00+00:00,2312.10009765625,2314.5,2304.5,2313.699951171875,21795
2024-06-10 08:00:00+00:00,2313.60009765625,2323.39990234375,2308.89990234375,2322.699951171875,24388
2024-06-10 12:00:00+00:00,2322.699951171875,2326.300048828125,2317.60009765625,2324.60009765625,42662
2024-06-10 16:00:00+00:00,2324.699951171875,2331.300048828125,2324.199951171875,2326.39990234375,27627
2024-06-10 20:00:00+00:00,2326.39990234375,2329.89990234375,2326.0,2327.0,2990
2024-06-11 00:00:00+00:00,2327.10009765625,2329.10009765625,2315.699951171875,2320.60009765625,21100
2024-06-11 04:00:00+00:00,2320.5,2322.39990234375,2314.5,2321.39990234375,14438
2024-06-11 08:00:00+00:00,2321.5,2325.800048828125,2319.10009765625,2324.89990234375,16658
2024-06-11 12:00:00+00:00,2324.89990234375,2337.300048828125,2324.699951171875,2327.199951171875,62858
2024-06-11 16:00:00+00:00,2327.39990234375,2332.800048828125,2322.699951171875,2332.39990234375,22994
2024-06-11 20:00:00+00:00,2332.60009765625,2334.39990234375,2330.89990234375,2332.10009765625,4209
2024-06-12 00:00:00+00:00,2332.199951171875,2333.300048828125,2327.199951171875,2330.699951171875,10318
2024-06-12 04:00:00+00:00,2330.5,2334.5,2328.199951171875,2331.199951171875,11342
2024-06-12 08:00:00+00:00,2331.10009765625,2332.5,2327.60009765625,2329.699951171875,19032
2024-06-12 12:00:00+00:00,2329.5,2358.800048828125,2328.199951171875,2352.199951171875,122504
2024-06-12 16:00:00+00:00,2352.39990234375,2356.699951171875,2332.199951171875,2337.699951171875,62232
2024-06-12 20:00:00+00:00,2337.800048828125,2341.5,2335.60009765625,2336.199951171875,4260
2024-06-13 00:00:00+00:00,2336.10009765625,2338.89990234375,2323.800048828125,2329.699951171875,18640
2024-06-13 04:00:00+00:00,2329.699951171875,2334.199951171875,2324.39990234375,2332.5,14020
2024-06-13 08:00:00+00:00,2332.699951171875,2336.0,2319.199951171875,2322.5,21389
2024-06-13 12:00:00+00:00,2322.39990234375,2342.39990234375,2313.199951171875,2314.39990234375,89511
2024-06-13 16:00:00+00:00,2314.300048828125,2320.5,2310.89990234375,2319.0,29582
2024-06-13 20:00:00+00:00,2319.10009765625,2320.0,2317.10009765625,2317.60009765625,2098
2024-06-14 00:00:00+00:00,2317.699951171875,2323.800048828125,2316.699951171875,2320.5,10373
2024-06-14 04:00:00+00:00,2320.5,2331.89990234375,2318.60009765625,2330.60009765625,18850
2024-06-14 08:00:00+00:00,2330.5,2352.300048828125,2329.89990234375,2347.60009765625,46084
2024-06-14 12:00:00+00:00,2347.699951171875,2351.300048828125,2339.5,2341.699951171875,52401
2024-06-14 16:00:00+00:00,2341.699951171875,2351.60009765625,2341.0,2348.10009765625,23858
2024-06-14 20:00:00+00:00,2348.199951171875,2348.699951171875,2346.60009765625,2348.39990234375,2170
2024-06-16 20:00:00+00:00,2348.5,2348.699951171875,2342.39990234375,2343.800048828125,3426
2024-06-17 00:00:00+00:00,2343.60009765625,2343.89990234375,2336.199951171875,2339.300048828125,14160
2024-06-17 04:00:00+00:00,2339.300048828125,2341.199951171875,2330.10009765625,2331.699951171875,17684
2024-06-17 08:00:00+00:00,2331.60009765625,2337.39990234375,2331.0,2332.699951171875,15323
2024-06-17 12:00:00+00:00,2332.800048828125,2342.60009765625,2324.300048828125,2327.10009765625,47326
2024-06-17 16:00:00+00:00,2327.199951171875,2335.5,2327.199951171875,2335.0,19040
2024-06-17 20:00:00+00:00,2335.0,2335.89990234375,2333.300048828125,2335.5,2788
2024-06-18 00:00:00+00:00,2335.60009765625,2341.10009765625,2334.0,2339.5,9696
2024-06-18 04:00:00+00:00,2339.10009765625,2339.60009765625,2329.5,2330.0,12559
2024-06-18 08:00:00+00:00,2329.89990234375,2329.89990234375,2320.199951171875,2328.0,24798
2024-06-18 12:00:00+00:00,2327.89990234375,2344.800048828125,2326.0,2341.699951171875,74944
2024-06-18 16:00:00+00:00,2341.89990234375,2348.199951171875,2341.199951171875,2344.10009765625,24811
2024-06-18 20:00:00+00:00,2344.199951171875,2345.60009765625,2342.199951171875,2343.0,2336
2024-06-19 00:00:00+00:00,2343.0,2346.300048828125,2341.10009765625,2342.89990234375,7009
2024-06-20 04:00:00+00:00,2347.39990234375,2359.199951171875,2347.39990234375,2352.10009765625,24136
2024-06-20 08:00:00+00:00,2352.199951171875,2354.89990234375,2345.199951171875,2352.800048828125,22825
2024-06-20 12:00:00+00:00,2353.0,2379.5,2348.699951171875,2367.300048828125,97942
2024-06-20 16:00:00+00:00,2367.300048828125,2374.60009765625,2366.300048828125,2372.39990234375,20406
2024-06-20 20:00:00+00:00,2372.5,2374.5,2371.5,2374.300048828125,3970
2024-06-21 00:00:00+00:00,2374.199951171875,2378.300048828125,2370.60009765625,2375.699951171875,12622
2024-06-21 04:00:00+00:00,2375.800048828125,2379.300048828125,2368.60009765625,2376.699951171875,19459
2024-06-21 08:00:00+00:00,2376.699951171875,2382.60009765625,2374.89990234375,2380.0,17821
2024-06-21 12:00:00+00:00,2380.10009765625,2381.800048828125,2336.10009765625,2340.89990234375,92042
2024-06-21 16:00:00+00:00,2341.0,2342.300048828125,2329.199951171875,2335.0,38241
2024-06-21 20:00:00+00:00,2335.0,2335.60009765625,2333.60009765625,2334.699951171875,2429
2024-06-23 20:00:00+00:00,2333.5,2336.10009765625,2329.5,2331.300048828125,4279
2024-06-24 00:00:00+00:00,2331.199951171875,2339.10009765625,2330.10009765625,2338.10009765625,12357
2024-06-24 04:00:00+00:00,2338.0,2344.39990234375,2333.60009765625,2343.199951171875,15698
2024-06-24 08:00:00+00:00,2343.300048828125,2345.39990234375,2332.89990234375,2338.5,22192
2024-06-24 12:00:00+00:00,2338.5,2346.5,2335.60009765625,2340.10009765625,41182
2024-06-24 16:00:00+00:00,2340.199951171875,2347.5,2339.300048828125,2344.60009765625,15793
2024-06-24 20:00:00+00:00,2344.60009765625,2347.5,2342.60009765625,2343.300048828125,2823
2024-06-25 00:00:00+00:00,2343.300048828125,2343.39990234375,2335.60009765625,2336.60009765625,11943
2024-06-25 04:00:00+00:00,2336.699951171875,2342.300048828125,2334.800048828125,2337.0,15381
2024-06-25 08:00:00+00:00,2336.699951171875,2349.699951171875,2335.10009765625,2342.699951171875,24288
2024-06-25 12:00:00+00:00,2342.699951171875,2343.199951171875,2327.60009765625,2337.0,63839
2024-06-25 16:00:00+00:00,2337.0,2337.39990234375,2327.10009765625,2331.89990234375,21062
2024-06-25 20:00:00+00:00,2331.800048828125,2333.199951171875,2330.0,2331.60009765625,3419
2024-06-26 00:00:00+00:00,2331.800048828125,2335.800048828125,2322.0,2328.60009765625,23153
2024-06-26 04:00:00+00:00,2328.800048828125,2329.800048828125,2321.300048828125,2327.800048828125,17770
2024-06-26 08:00:00+00:00,2327.699951171875,2330.10009765625,2315.699951171875,2324.800048828125,31570
2024-06-26 12:00:00+00:00,2324.800048828125,2329.800048828125,2304.699951171875,2311.39990234375,84301
2024-06-26 16:00:00+00:00,2311.39990234375,2314.300048828125,2308.199951171875,2310.199951171875,19557
2024-06-26 20:00:00+00:00,2310.199951171875,2310.699951171875,2307.199951171875,2308.89990234375,3569
2024-06-27 00:00:00+00:00,2308.89990234375,2311.0,2307.39990234375,2309.60009765625,8255
2024-06-27 04:00:00+00:00,2309.5,2314.199951171875,2306.800048828125,2312.800048828125,12703
2024-06-27 08:00:00+00:00,2312.60009765625,2328.5,2312.39990234375,2327.60009765625,24153
2024-06-27 12:00:00+00:00,2327.699951171875,2342.0,2326.800048828125,2338.300048828125,65325
2024-06-27 16:00:00+00:00,2338.199951171875,2339.10009765625,2333.300048828125,2336.800048828125,21123
2024-06-27 20:00:00+00:00,2336.699951171875,2339.39990234375,2336.300048828125,2338.199951171875,2972
2024-06-28 00:00:00+00:00,2338.10009765625,2338.699951171875,2329.699951171875,2332.10009765625,16669
2024-06-28 04:00:00+00:00,2332.5,2339.60009765625,2330.300048828125,2337.800048828125,13095
2024-06-28 08:00:00+00:00,2337.89990234375,2347.60009765625,2337.10009765625,2344.39990234375,18935
2024-06-28 12:00:00+00:00,2344.60009765625,2350.60009765625,2333.199951171875,2339.0,55211
2024-06-28 16:00:00+00:00,2339.10009765625,2343.300048828125,2333.300048828125,2335.5,23072
2024-06-28 20:00:00+00:00,2335.39990234375,2337.10009765625,2333.10009765625,2336.89990234375,2246
2024-06-30 20:00:00+00:00,2336.199951171875,2337.39990234375,2333.10009765625,2335.10009765625,2750
2024-07-01 00:00:00+00:00,2334.89990234375,2338.89990234375,2332.300048828125,2335.10009765625,8824
2024-07-01 04:00:00+00:00,2334.89990234375,2338.800048828125,2328.199951171875,2333.39990234375,18429
2024-07-01 08:00:00+00:00,2333.39990234375,2348.5,2331.699951171875,2348.300048828125,20679
2024-07-01 12:00:00+00:00,2348.300048828125,2348.800048828125,2329.10009765625,2337.89990234375,61821
2024-07-01 16:00:00+00:00,2337.89990234375,2342.10009765625,2336.699951171875,2341.0,22830
2024-07-01 20:00:00+00:00,2341.0,2342.60009765625,2340.89990234375,2341.699951171875,2534
2024-07-02 00:00:00+00:00,2341.60009765625,2343.800048828125,2335.199951171875,2335.699951171875,11368
2024-07-02 04:00:00+00:00,2335.300048828125,2341.0,2332.39990234375,2340.10009765625,16623
2024-07-02 08:00:00+00:00,2340.199951171875,2341.800048828125,2328.60009765625,2329.699951171875,21828
2024-07-02 12:00:00+00:00,2329.800048828125,2346.10009765625,2327.39990234375,2333.60009765625,68914
2024-07-02 16:00:00+00:00,2333.5,2340.39990234375,2329.699951171875,2339.800048828125,23214
2024-07-02 20:00:00+00:00,2339.800048828125,2340.60009765625,2337.60009765625,2339.5,3071
2024-07-03 00:00:00+00:00,2339.5,2341.699951171875,2335.699951171875,2341.10009765625,10578
2024-07-03 12:00:00+00:00,2359.800048828125,2374.5,2356.89990234375,2372.5,64636
2024-07-03 16:00:00+00:00,2372.5,2372.60009765625,2364.5,2366.0,10210
2024-07-05 04:00:00+00:00,2370.199951171875,2375.800048828125,2369.699951171875,2373.300048828125,62877
2024-07-05 08:00:00+00:00,2373.39990234375,2376.300048828125,2369.699951171875,2373.60009765625,19845
2024-07-05 12:00:00+00:00,2373.699951171875,2396.699951171875,2356.0,2393.0,129559
2024-07-05 16:00:00+00:00,2392.89990234375,2401.5,2392.199951171875,2397.199951171875,42059
2024-07-05 20:00:00+00:00,2397.199951171875,2400.10009765625,2396.699951171875,2399.800048828125,2830
2024-07-07 20:00:00+00:00,2396.199951171875,2398.39990234375,2393.0,2394.199951171875,4289
2024-07-08 00:00:00+00:00,2394.300048828125,2399.300048828125,2388.800048828125,2390.60009765625,15591
2024-07-08 04:00:00+00:00,2391.199951171875,2394.699951171875,2384.699951171875,2385.800048828125,17295
2024-07-08 08:00:00+00:00,2385.800048828125,2386.800048828125,2376.10009765625,2383.199951171875,29105
2024-07-08 12:00:00+00:00,2383.10009765625,2387.39990234375,2358.300048828125,2362.89990234375,103621
2024-07-08 16:00:00+00:00,2362.800048828125,2367.39990234375,2358.300048828125,2366.800048828125,45339
2024-07-08 20:00:00+00:00,2366.800048828125,2369.300048828125,2365.39990234375,2368.800048828125,2805
2024-07-09 00:00:00+00:00,2369.0,2374.800048828125,2367.39990234375,2374.39990234375,15472
2024-07-09 04:00:00+00:00,2374.5,2375.5,2365.10009765625,2365.89990234375,15943
2024-07-09 08:00:00+00:00,2365.89990234375,2372.60009765625,2364.199951171875,2367.699951171875,21575
2024-07-09 12:00:00+00:00,2367.60009765625,2378.300048828125,2356.0,2369.0,126992
2024-07-09 16:00:00+00:00,2369.0,2372.39990234375,2363.10009765625,2370.39990234375,43533
2024-07-09 20:00:00+00:00,2370.5,2372.699951171875,2370.0,2371.5,4282
2024-07-10 00:00:00+00:00,2371.5,2376.800048828125,2369.699951171875,2374.5,12151
2024-07-10 04:00:00+00:00,2374.5,2381.5,2372.89990234375,2379.199951171875,12245
2024-07-10 08:00:00+00:00,2379.10009765625,2385.0,2377.800048828125,2384.89990234375,19407
2024-07-10 12:00:00+00:00,2385.0,2393.39990234375,2380.39990234375,2385.39990234375,63217
2024-07-10 16:00:00+00:00,2385.5,2387.89990234375,2376.300048828125,2378.39990234375,34251
2024-07-10 20:00:00+00:00,2378.5,2379.0,2376.800048828125,2378.39990234375,2779
2024-07-11 00:00:00+00:00,2378.5,2385.39990234375,2377.10009765625,2383.800048828125,10841
2024-07-11 04:00:00+00:00,2383.89990234375,2388.39990234375,2383.60009765625,2385.10009765625,13812
2024-07-11 08:00:00+00:00,2385.0,2390.0,2384.300048828125,2386.199951171875,28260
2024-07-11 12:00:00+00:00,2386.0,2430.39990234375,2383.10009765625,2423.0,169590
2024-07-11 16:00:00+00:00,2423.0,2425.10009765625,2416.800048828125,2419.800048828125,48004
2024-07-11 20:00:00+00:00,2419.800048828125,2421.699951171875,2416.39990234375,2421.39990234375,7706
2024-07-12 00:00:00+00:00,2421.300048828125,2421.800048828125,2412.10009765625,2414.199951171875,14327
2024-07-12 04:00:00+00:00,2414.10009765625,2415.39990234375,2405.5,2409.39990234375,16971
2024-07-12 08:00:00+00:00,2409.300048828125,2413.60009765625,2403.199951171875,2406.800048828125,19426
2024-07-12 12:00:00+00:00,2406.800048828125,2418.89990234375,2396.10009765625,2416.89990234375,89267
2024-07-12 16:00:00+00:00,2416.89990234375,2423.199951171875,2416.89990234375,2417.699951171875,47877
2024-07-12 20:00:00+00:00,2417.60009765625,2417.699951171875,2415.60009765625,2416.0,2607
2024-07-14 20:00:00+00:00,2419.300048828125,2420.0,2410.10009765625,2413.199951171875,5241
2024-07-15 00:00:00+00:00,2413.199951171875,2416.800048828125,2409.60009765625,2416.39990234375,9678
2024-07-15 04:00:00+00:00,2416.5,2418.699951171875,2406.10009765625,2412.60009765625,16250
2024-07-15 08:00:00+00:00,2412.60009765625,2425.39990234375,2411.5,2423.0,30618
2024-07-15 12:00:00+00:00,2423.199951171875,2442.39990234375,2416.300048828125,2438.199951171875,80756
2024-07-15 16:00:00+00:00,2438.199951171875,2445.0,2424.5,2426.0,44836
2024-07-15 20:00:00+00:00,2426.10009765625,2427.5,2425.5,2427.10009765625,2685
2024-07-16 00:00:00+00:00,2427.10009765625,2436.300048828125,2424.5,2433.60009765625,16123
2024-07-16 04:00:00+00:00,2433.39990234375,2443.89990234375,2429.89990234375,2441.60009765625,24603
2024-07-16 08:00:00+00:00,2441.5,2448.199951171875,2438.199951171875,2444.300048828125,31957
2024-07-16 12:00:00+00:00,2444.10009765625,2470.199951171875,2433.800048828125,2468.10009765625,124487
2024-07-16 16:00:00+00:00,2468.199951171875,2473.60009765625,2462.699951171875,2473.5,35915
2024-07-16 20:00:00+00:00,2473.39990234375,2474.800048828125,2470.800048828125,2473.0,5212
2024-07-17 00:00:00+00:00,2467.800048828125,2487.39990234375,2467.800048828125,2476.60009765625,36239
2024-07-17 04:00:00+00:00,2476.699951171875,2479.199951171875,2466.60009765625,2479.10009765625,25995
2024-07-17 08:00:00+00:00,2479.10009765625,2483.39990234375,2470.800048828125,2474.60009765625,29392
2024-07-17 12:00:00+00:00,2474.60009765625,2488.39990234375,2462.10009765625,2468.0,114240
2024-07-17 16:00:00+00:00,2468.10009765625,2469.699951171875,2455.5,2462.300048828125,40164
2024-07-17 20:00:00+00:00,2462.39990234375,2465.5,2461.39990234375,2465.0,3555
2024-07-18 00:00:00+00:00,2465.0,2472.39990234375,2461.10009765625,2471.699951171875,15490
2024-07-18 04:00:00+00:00,2471.699951171875,2478.5,2467.800048828125,2475.300048828125,23140
2024-07-18 08:00:00+00:00,2475.5,2477.10009765625,2464.699951171875,2467.699951171875,23651
2024-07-18 12:00:00+00:00,2467.89990234375,2473.199951171875,2460.199951171875,2464.39990234375,70082
2024-07-18 16:00:00+00:00,2464.5,2465.300048828125,2442.89990234375,2445.60009765625,48663
2024-07-18 20:00:00+00:00,2445.699951171875,2456.39990234375,2443.60009765625,2443.699951171875,5802
2024-07-19 00:00:00+00:00,2443.800048828125,2443.800048828125,2423.199951171875,2431.699951171875,33384
2024-07-19 04:00:00+00:00,2431.10009765625,2431.800048828125,2415.300048828125,2420.39990234375,34985
2024-07-19 08:00:00+00:00,2420.5,2423.89990234375,2410.60009765625,2412.10009765625,31047
2024-07-19 12:00:00+00:00,2412.199951171875,2412.300048828125,2395.699951171875,2407.300048828125,100804
2024-07-19 16:00:00+00:00,2407.300048828125,2407.89990234375,2397.300048828125,2400.699951171875,31505
2024-07-19 20:00:00+00:00,2400.699951171875,2403.300048828125,2399.10009765625,2402.800048828125,3075
2024-07-21 20:00:00+00:00,2403.699951171875,2413.699951171875,2402.5,2413.300048828125,6593
2024-07-22 00:00:00+00:00,2413.39990234375,2414.39990234375,2405.10009765625,2408.60009765625,14943
2024-07-22 04:00:00+00:00,2408.39990234375,2408.800048828125,2400.60009765625,2404.0,22015
2024-07-22 08:00:00+00:00,2404.10009765625,2410.0,2399.39990234375,2399.60009765625,26941
2024-07-22 12:00:00+00:00,2399.60009765625,2401.800048828125,2385.199951171875,2387.60009765625,83958
2024-07-22 16:00:00+00:00,2387.699951171875,2401.699951171875,2387.5,2400.60009765625,37076
2024-07-22 20:00:00+00:00,2400.5,2401.0,2395.89990234375,2396.699951171875,3588
2024-07-23 00:00:00+00:00,2396.699951171875,2405.300048828125,2396.39990234375,2399.199951171875,15453
2024-07-23 04:00:00+00:00,2399.300048828125,2400.60009765625,2389.199951171875,2398.699951171875,23915
2024-07-23 08:00:00+00:00,2398.89990234375,2413.5,2397.199951171875,2408.89990234375,34021
2024-07-23 12:00:00+00:00,2409.0,2410.699951171875,2400.5,2406.5,68154
2024-07-23 16:00:00+00:00,2406.699951171875,2410.199951171875,2403.699951171875,2408.5,21660
2024-07-23 20:00:00+00:00,2408.5,2411.0,2406.5,2409.300048828125,3101
2024-07-24 00:00:00+00:00,2409.39990234375,2419.60009765625,2405.699951171875,2417.60009765625,20338
2024-07-24 04:00:00+00:00,2417.60009765625,2420.300048828125,2412.60009765625,2415.60009765625,18352
2024-07-24 08:00:00+00:00,2415.60009765625,2418.89990234375,2410.60009765625,2418.5,33299
2024-07-24 12:00:00+00:00,2418.5,2433.0,2414.39990234375,2425.60009765625,104161
2024-07-24 16:00:00+00:00,2425.60009765625,2425.699951171875,2398.699951171875,2399.0,56487
2024-07-24 20:00:00+00:00,2399.10009765625,2400.89990234375,2392.800048828125,2398.10009765625,8623
2024-07-25 00:00:00+00:00,2398.300048828125,2399.60009765625,2365.699951171875,2373.800048828125,46416
2024-07-25 04:00:00+00:00,2373.5,2378.10009765625,2365.10009765625,2373.60009765625,37294
2024-07-25 08:00:00+00:00,2373.60009765625,2382.199951171875,2367.300048828125,2367.800048828125,41090
2024-07-25 12:00:00+00:00,2367.699951171875,2377.0,2357.199951171875,2362.5,91816
2024-07-25 16:00:00+00:00,2362.39990234375,2364.699951171875,2351.89990234375,2361.699951171875,52487
2024-07-25 20:00:00+00:00,2361.699951171875,2364.60009765625,2358.60009765625,2362.800048828125,6421
2024-07-26 00:00:00+00:00,2362.800048828125,2378.0,2354.60009765625,2370.300048828125,20618
2024-07-26 04:00:00+00:00,2370.5,2373.800048828125,2363.60009765625,2370.0,18044
2024-07-26 08:00:00+00:00,2370.199951171875,2374.5,2367.89990234375,2371.89990234375,19126
2024-07-26 12:00:00+00:00,2371.800048828125,2389.699951171875,2369.699951171875,2384.199951171875,63465
2024-07-26 16:00:00+00:00,2384.199951171875,2389.5,2380.10009765625,2385.39990234375,23894
2024-07-26 20:00:00+00:00,2385.5,2387.89990234375,2384.60009765625,2385.699951171875,1994
2024-07-28 20:00:00+00:00,2386.89990234375,2402.10009765625,2386.0,2396.0,6050
2024-07-29 00:00:00+00:00,2396.39990234375,2401.300048828125,2387.60009765625,2393.199951171875,11976
2024-07-29 04:00:00+00:00,2393.199951171875,2394.699951171875,2387.10009765625,2390.199951171875,13198
2024-07-29 08:00:00+00:00,2390.10009765625,2393.60009765625,2385.39990234375,2386.39990234375,20326
2024-07-29 12:00:00+00:00,2386.300048828125,2394.5,2367.300048828125,2374.60009765625,45366
2024-07-29 16:00:00+00:00,2374.699951171875,2382.800048828125,2372.199951171875,2380.10009765625,24066
2024-07-29 20:00:00+00:00,2380.199951171875,2381.699951171875,2378.199951171875,2378.199951171875,3026
2024-07-30 00:00:00+00:00,2378.199951171875,2381.699951171875,2373.800048828125,2381.699951171875,1205
2024-07-30 04:00:00+00:00,2382.699951171875,2436.60009765625,2382.5,2435.199951171875,28445
2024-07-30 08:00:00+00:00,2387.39990234375,2437.5,2383.5,2431.89990234375,17812
2024-07-30 12:00:00+00:00,2432.10009765625,2442.89990234375,2380.10009765625,2430.10009765625,57225
2024-07-30 16:00:00+00:00,2430.199951171875,2457.5,2382.300048828125,2452.199951171875,52325
2024-07-30 20:00:00+00:00,2452.199951171875,2458.300048828125,2405.199951171875,2455.0,6885
2024-07-31 00:00:00+00:00,2455.199951171875,2464.300048828125,2402.800048828125,2461.800048828125,21940
2024-07-31 04:00:00+00:00,2461.60009765625,2470.39990234375,2413.0,2462.300048828125,20977
2024-07-31 08:00:00+00:00,2462.10009765625,2468.10009765625,2413.699951171875,2464.300048828125,20823
2024-07-31 12:00:00+00:00,2464.5,2474.199951171875,2416.89990234375,2468.0,45599
2024-07-31 16:00:00+00:00,2468.10009765625,2496.60009765625,2420.60009765625,2495.300048828125,54359
2024-07-31 20:00:00+00:00,2495.39990234375,2496.60009765625,2446.10009765625,2490.5,6097
2024-08-01 00:00:00+00:00,2490.60009765625,2502.800048828125,2452.60009765625,2487.10009765625,27974
2024-08-01 04:00:00+00:00,2487.0,2492.89990234375,2442.0,2484.39990234375,19613
2024-08-01 08:00:00+00:00,2484.39990234375,2487.39990234375,2430.39990234375,2485.0,31782
2024-08-01 12:00:00+00:00,2485.10009765625,2506.60009765625,2442.89990234375,2489.39990234375,90503
2024-08-01 16:00:00+00:00,2489.300048828125,2492.800048828125,2434.800048828125,2487.39990234375,37329
2024-08-01 20:00:00+00:00,2487.300048828125,2492.0,2441.800048828125,2489.89990234375,3810
2024-08-02 00:00:00+00:00,2490.0,2503.800048828125,2436.800048828125,2498.699951171875,29504
2024-08-02 04:00:00+00:00,2498.800048828125,2513.39990234375,2458.5,2505.800048828125,24868
2024-08-02 08:00:00+00:00,2505.699951171875,2509.89990234375,2458.699951171875,2503.5,22028
2024-08-02 12:00:00+00:00,2503.300048828125,2522.5,2416.0,2476.10009765625,168886
2024-08-02 16:00:00+00:00,2475.699951171875,2482.39990234375,2425.39990234375,2480.0,42658
2024-08-02 20:00:00+00:00,2480.0,2486.60009765625,2440.199951171875,2486.10009765625,3854
2024-08-04 20:00:00+00:00,2490.300048828125,2490.39990234375,2442.0,2483.10009765625,7826
2024-08-05 00:00:00+00:00,2483.199951171875,2494.5,2418.89990234375,2493.60009765625,42296
2024-08-05 04:00:00+00:00,2493.0,2500.800048828125,2426.0,2473.199951171875,54858
2024-08-05 08:00:00+00:00,2473.300048828125,2475.800048828125,2400.0,2426.800048828125,72831
2024-08-05 12:00:00+00:00,2426.89990234375,2452.800048828125,2367.39990234375,2443.300048828125,118588
2024-08-05 16:00:00+00:00,2443.300048828125,2454.699951171875,2406.39990234375,2449.0,29414
2024-08-05 20:00:00+00:00,2449.300048828125,2453.800048828125,2445.39990234375,2445.89990234375,4189
2024-08-06 00:00:00+00:00,2446.0,2459.5,2414.5,2449.39990234375,18467
2024-08-06 04:00:00+00:00,2449.5,2453.39990234375,2399.60009765625,2450.5,29142
2024-08-06 08:00:00+00:00,2450.60009765625,2457.10009765625,2412.89990234375,2451.699951171875,21538
2024-08-06 12:00:00+00:00,2451.699951171875,2452.89990234375,2380.0,2428.39990234375,78692
2024-08-06 16:00:00+00:00,2428.5,2437.10009765625,2385.300048828125,2428.800048828125,25890
2024-08-06 20:00:00+00:00,2429.0,2433.10009765625,2387.39990234375,2424.300048828125,4955
2024-08-07 00:00:00+00:00,2424.199951171875,2428.60009765625,2418.800048828125,2425.39990234375,23186
2024-08-07 04:00:00+00:00,2426.0,2437.60009765625,2386.5,2429.300048828125,21573
2024-08-07 08:00:00+00:00,2429.199951171875,2442.699951171875,2391.0,2441.39990234375,22421
2024-08-07 12:00:00+00:00,2441.39990234375,2447.300048828125,2397.10009765625,2434.800048828125,50915
2024-08-07 16:00:00+00:00,2434.699951171875,2440.10009765625,2384.5,2425.60009765625,32382
2024-08-07 20:00:00+00:00,2425.699951171875,2427.39990234375,2420.199951171875,2423.800048828125,5743
2024-08-08 00:00:00+00:00,2423.89990234375,2433.800048828125,2384.300048828125,2433.0,15510
2024-08-08 04:00:00+00:00,2433.300048828125,2439.699951171875,2431.199951171875,2435.60009765625,16442
2024-08-08 08:00:00+00:00,2435.5,2453.10009765625,2397.699951171875,2451.699951171875,28382
2024-08-08 12:00:00+00:00,2451.699951171875,2464.0,2403.5,2458.10009765625,77663
2024-08-08 16:00:00+00:00,2458.0,2465.800048828125,2419.5,2463.10009765625,29689
2024-08-08 20:00:00+00:00,2463.199951171875,2467.89990234375,2462.199951171875,2463.800048828125,3917
2024-08-09 00:00:00+00:00,2464.10009765625,2468.699951171875,2422.300048828125,2460.800048828125,12951
2024-08-09 04:00:00+00:00,2460.5,2466.199951171875,2418.5,2462.300048828125,15310
2024-08-09 08:00:00+00:00,2462.39990234375,2472.199951171875,2420.89990234375,2465.89990234375,23613
2024-08-09 12:00:00+00:00,2465.89990234375,2475.5,2420.10009765625,2470.60009765625,66919
2024-08-09 16:00:00+00:00,2470.800048828125,2476.5,2425.89990234375,2468.60009765625,24284
2024-08-09 20:00:00+00:00,2468.60009765625,2470.699951171875,2429.199951171875,2470.60009765625,1992
2024-08-11 20:00:00+00:00,2470.10009765625,2472.300048828125,2466.0,2466.800048828125,3758
2024-08-12 00:00:00+00:00,2466.800048828125,2469.199951171875,2462.699951171875,2467.699951171875,9215
2024-08-12 04:00:00+00:00,2467.60009765625,2482.39990234375,2432.0,2480.89990234375,17493
2024-08-12 08:00:00+00:00,2481.10009765625,2484.300048828125,2437.699951171875,2480.699951171875,28236
2024-08-12 12:00:00+00:00,2480.699951171875,2500.300048828125,2440.800048828125,2499.300048828125,66278
2024-08-12 16:00:00+00:00,2499.300048828125,2512.39990234375,2461.0,2510.60009765625,37403
2024-08-12 20:00:00+00:00,2510.699951171875,2516.60009765625,2469.60009765625,2515.60009765625,5087
2024-08-13 00:00:00+00:00,2515.60009765625,2517.300048828125,2461.0,2503.5,19600
2024-08-13 04:00:00+00:00,2503.89990234375,2505.89990234375,2458.60009765625,2503.800048828125,18246
2024-08-13 08:00:00+00:00,2503.89990234375,2506.39990234375,2456.5,2505.300048828125,21197
2024-08-13 12:00:00+00:00,2505.300048828125,2515.60009765625,2463.199951171875,2508.300048828125,58470
2024-08-13 16:00:00+00:00,2508.300048828125,2510.800048828125,2466.800048828125,2506.89990234375,21210
2024-08-13 20:00:00+00:00,2506.800048828125,2507.5,2465.300048828125,2503.60009765625,3760
2024-08-14 00:00:00+00:00,2503.699951171875,2512.199951171875,2494.5,2500.10009765625,18089
2024-08-14 04:00:00+00:00,2500.0,2510.800048828125,2468.0,2509.699951171875,14566
2024-08-14 08:00:00+00:00,2509.800048828125,2517.89990234375,2507.699951171875,2513.800048828125,22197
2024-08-14 12:00:00+00:00,2513.800048828125,2519.699951171875,2445.199951171875,2482.60009765625,91461
2024-08-14 16:00:00+00:00,2482.5,2486.800048828125,2445.60009765625,2485.5,29075
2024-08-14 20:00:00+00:00,2485.60009765625,2486.89990234375,2444.699951171875,2486.800048828125,3918
2024-08-15 00:00:00+00:00,2486.89990234375,2491.89990234375,2485.39990234375,2491.10009765625,15398
2024-08-15 04:00:00+00:00,2491.300048828125,2496.39990234375,2451.800048828125,2493.300048828125,16237
2024-08-15 08:00:00+00:00,2493.39990234375,2501.89990234375,2454.0,2501.10009765625,16659
2024-08-15 12:00:00+00:00,2501.300048828125,2508.0,2431.199951171875,2496.10009765625,88804
2024-08-15 16:00:00+00:00,2496.10009765625,2499.39990234375,2453.89990234375,2493.5,20912
2024-08-15 20:00:00+00:00,2493.39990234375,2495.699951171875,2453.5,2494.699951171875,4424
2024-08-16 00:00:00+00:00,2494.800048828125,2497.699951171875,2488.199951171875,2490.0,11371
2024-08-16 04:00:00+00:00,2489.89990234375,2501.89990234375,2451.39990234375,2499.300048828125,19483
2024-08-16 08:00:00+00:00,2499.60009765625,2510.300048828125,2462.199951171875,2510.0,25681
2024-08-16 12:00:00+00:00,2510.0,2538.699951171875,2481.199951171875,2530.300048828125,112584
2024-08-16 16:00:00+00:00,2530.5,2547.39990234375,2498.300048828125,2546.5,38496
2024-08-16 20:00:00+00:00,2546.5,2548.300048828125,2508.0,2546.10009765625,3416
2024-08-18 20:00:00+00:00,2549.699951171875,2549.89990234375,2502.800048828125,2545.10009765625,5952
2024-08-19 00:00:00+00:00,2545.199951171875,2545.60009765625,2497.699951171875,2541.89990234375,25529
2024-08-19 04:00:00+00:00,2541.89990234375,2543.60009765625,2499.800048828125,2541.199951171875,17880
2024-08-19 08:00:00+00:00,2541.199951171875,2545.800048828125,2487.199951171875,2532.800048828125,26094
2024-08-19 12:00:00+00:00,2532.89990234375,2544.39990234375,2492.199951171875,2542.39990234375,47213
2024-08-19 16:00:00+00:00,2542.60009765625,2545.800048828125,2502.300048828125,2543.89990234375,24366
2024-08-19 20:00:00+00:00,2543.89990234375,2544.199951171875,2503.5,2541.800048828125,3084
2024-08-20 00:00:00+00:00,2541.89990234375,2546.39990234375,2536.5,2539.39990234375,14408
2024-08-20 04:00:00+00:00,2539.5,2553.699951171875,2500.699951171875,2553.199951171875,21422
2024-08-20 08:00:00+00:00,2553.39990234375,2565.5,2552.800048828125,2564.800048828125,33495
2024-08-20 12:00:00+00:00,2565.0,2570.39990234375,2509.300048828125,2546.39990234375,79227
2024-08-20 16:00:00+00:00,2546.60009765625,2553.800048828125,2508.0,2553.199951171875,31043
2024-08-20 20:00:00+00:00,2553.10009765625,2555.300048828125,2550.699951171875,2551.10009765625,2813
2024-08-21 00:00:00+00:00,2551.10009765625,2558.0,2548.800048828125,2555.10009765625,14327
2024-08-21 04:00:00+00:00,2555.300048828125,2557.5,2545.699951171875,2547.300048828125,17543
2024-08-21 08:00:00+00:00,2547.199951171875,2552.0,2511.0,2549.89990234375,21028
2024-08-21 12:00:00+00:00,2550.0,2552.0,2503.89990234375,2546.300048828125,60668
2024-08-21 16:00:00+00:00,2546.199951171875,2557.300048828125,2508.199951171875,2549.5,27388
2024-08-21 20:00:00+00:00,2549.60009765625,2551.300048828125,2547.699951171875,2549.699951171875,2515
2024-08-22 00:00:00+00:00,2549.89990234375,2551.39990234375,2536.39990234375,2539.199951171875,14898
2024-08-22 04:00:00+00:00,2539.199951171875,2547.199951171875,2504.10009765625,2543.300048828125,21079
2024-08-22 08:00:00+00:00,2543.300048828125,2545.300048828125,2533.699951171875,2535.60009765625,21994
2024-08-22 12:00:00+00:00,2535.699951171875,2541.89990234375,2471.10009765625,2517.89990234375,85486
2024-08-22 16:00:00+00:00,2518.0,2522.10009765625,2479.800048828125,2518.39990234375,23344
2024-08-22 20:00:00+00:00,2518.60009765625,2523.0,2518.0,2522.89990234375,3357
2024-08-23 00:00:00+00:00,2522.89990234375,2529.199951171875,2486.5,2528.5,14659
2024-08-23 04:00:00+00:00,2528.60009765625,2531.300048828125,2526.0,2528.89990234375,15485
2024-08-23 08:00:00+00:00,2528.800048828125,2538.0,2528.39990234375,2537.10009765625,20879
2024-08-23 12:00:00+00:00,2537.0,2554.5,2492.89990234375,2545.699951171875,78119
2024-08-23 16:00:00+00:00,2546.0,2549.0,2506.800048828125,2546.60009765625,26933
2024-08-23 20:00:00+00:00,2546.39990234375,2548.699951171875,2545.300048828125,2548.699951171875,2906
2024-08-25 20:00:00+00:00,2545.10009765625,2552.10009765625,2509.89990234375,2551.300048828125,4115
2024-08-26 00:00:00+00:00,2551.199951171875,2552.300048828125,2509.10009765625,2545.199951171875,11816
2024-08-26 04:00:00+00:00,2545.10009765625,2557.300048828125,2516.89990234375,2556.89990234375,18576
2024-08-26 08:00:00+00:00,2557.0,2562.5,2519.800048828125,2562.10009765625,22043
2024-08-26 12:00:00+00:00,2562.199951171875,2563.199951171875,2509.699951171875,2551.699951171875,45999
2024-08-26 16:00:00+00:00,2551.699951171875,2559.39990234375,2549.300048828125,2553.699951171875,20915
2024-08-26 20:00:00+00:00,2553.89990234375,2554.800048828125,2550.5,2550.699951171875,1954
2024-08-27 00:00:00+00:00,2550.800048828125,2552.0,2540.89990234375,2544.10009765625,14250
2024-08-27 04:00:00+00:00,2544.300048828125,2552.699951171875,2515.199951171875,2540.0,22169
2024-08-27 08:00:00+00:00,2539.89990234375,2549.0,2538.5,2546.60009765625,20857
2024-08-27 12:00:00+00:00,2546.5,2556.699951171875,2506.89990234375,2547.5,50323
2024-08-27 16:00:00+00:00,2547.300048828125,2561.39990234375,2511.10009765625,2560.39990234375,30599
2024-08-27 20:00:00+00:00,2560.39990234375,2564.300048828125,2522.800048828125,2560.5,6604
2024-08-28 00:00:00+00:00,2560.699951171875,2561.10009765625,2548.5,2551.0,15193
2024-08-28 04:00:00+00:00,2550.89990234375,2552.89990234375,2537.89990234375,2544.800048828125,26921
2024-08-28 08:00:00+00:00,2544.800048828125,2546.0,2535.199951171875,2536.0,23022
2024-08-28 12:00:00+00:00,2536.199951171875,2545.5,2527.800048828125,2540.800048828125,59820
2024-08-28 16:00:00+00:00,2540.800048828125,2544.0,2530.800048828125,2542.0,26484
2024-08-28 20:00:00+00:00,2542.10009765625,2543.10009765625,2537.300048828125,2541.300048828125,3977
2024-08-29 00:00:00+00:00,2541.300048828125,2549.89990234375,2541.199951171875,2549.89990234375,10428
2024-08-29 04:00:00+00:00,2549.699951171875,2554.5,2546.89990234375,2552.199951171875,18405
2024-08-29 08:00:00+00:00,2552.300048828125,2557.800048828125,2548.199951171875,2553.300048828125,24981
2024-08-29 12:00:00+00:00,2553.199951171875,2559.10009765625,2536.5,2556.10009765625,65190
2024-08-29 16:00:00+00:00,2556.10009765625,2562.199951171875,2550.60009765625,2554.39990234375,29900
2024-08-29 20:00:00+00:00,2554.5,2555.60009765625,2551.89990234375,2552.60009765625,2906
2024-08-30 00:00:00+00:00,2552.60009765625,2553.60009765625,2545.800048828125,2547.10009765625,13687
2024-08-30 04:00:00+00:00,2546.89990234375,2557.60009765625,2545.699951171875,2552.5,24016
2024-08-30 08:00:00+00:00,2552.5,2560.10009765625,2548.10009765625,2552.699951171875,23613
2024-08-30 12:00:00+00:00,2552.60009765625,2558.10009765625,2533.0,2535.300048828125,63009
2024-08-30 16:00:00+00:00,2535.199951171875,2538.800048828125,2526.60009765625,2534.699951171875,38767
2024-08-30 20:00:00+00:00,2534.800048828125,2536.10009765625,2534.39990234375,2536.0,2317
2024-09-01 20:00:00+00:00,2536.0,2536.800048828125,2531.60009765625,2535.10009765625,3349
2024-09-02 00:00:00+00:00,2535.10009765625,2537.199951171875,2522.10009765625,2528.39990234375,13782
2024-09-03 04:00:00+00:00,2526.39990234375,2533.699951171875,2524.39990234375,2532.89990234375,18699
2024-09-03 08:00:00+00:00,2533.0,2538.5,2516.300048828125,2521.5,40452
2024-09-03 12:00:00+00:00,2521.199951171875,2534.199951171875,2504.39990234375,2520.0,99747
2024-09-03 16:00:00+00:00,2520.10009765625,2526.0,2515.300048828125,2523.60009765625,19474
2024-09-03 20:00:00+00:00,2523.5,2526.199951171875,2522.89990234375,2524.699951171875,2521
2024-09-04 00:00:00+00:00,2524.699951171875,2528.39990234375,2522.39990234375,2526.60009765625,9728
2024-09-04 04:00:00+00:00,2526.39990234375,2528.0,2512.800048828125,2513.199951171875,17141
2024-09-04 08:00:00+00:00,2513.10009765625,2522.300048828125,2502.699951171875,2520.199951171875,37793
2024-09-04 12:00:00+00:00,2520.199951171875,2531.5,2512.800048828125,2525.199951171875,69864
2024-09-04 16:00:00+00:00,2525.10009765625,2529.300048828125,2522.5,2524.300048828125,20934
2024-09-04 20:00:00+00:00,2524.199951171875,2528.0,2523.800048828125,2526.0,3393
2024-09-05 00:00:00+00:00,2526.0,2529.60009765625,2524.5,2524.800048828125,7799
2024-09-05 04:00:00+00:00,2524.699951171875,2537.39990234375,2523.699951171875,2536.5,19079
2024-09-05 08:00:00+00:00,2536.5,2548.699951171875,2536.10009765625,2545.39990234375,28886
2024-09-05 12:00:00+00:00,2545.5,2554.0,2533.699951171875,2537.39990234375,69619
2024-09-05 16:00:00+00:00,2537.39990234375,2547.39990234375,2536.300048828125,2545.199951171875,17004
2024-09-05 20:00:00+00:00,2545.300048828125,2547.89990234375,2545.10009765625,2547.199951171875,2904
2024-09-06 00:00:00+00:00,2547.300048828125,2548.199951171875,2542.800048828125,2547.699951171875,7019
2024-09-06 04:00:00+00:00,2547.89990234375,2551.89990234375,2546.39990234375,2546.5,13801
2024-09-06 08:00:00+00:00,2546.5,2550.300048828125,2544.60009765625,2546.199951171875,13051
2024-09-06 12:00:00+00:00,2546.10009765625,2559.800048828125,2529.89990234375,2534.89990234375,125293
2024-09-06 16:00:00+00:00,2534.800048828125,2535.39990234375,2513.89990234375,2525.39990234375,56037
2024-09-06 20:00:00+00:00,2525.199951171875,2527.300048828125,2524.199951171875,2526.800048828125,2026
2024-09-08 20:00:00+00:00,2526.5,2527.5,2524.60009765625,2526.0,4649
2024-09-09 00:00:00+00:00,2526.10009765625,2529.5,2523.699951171875,2528.199951171875,11324
2024-09-09 04:00:00+00:00,2528.10009765625,2528.5,2514.199951171875,2523.5,25671
2024-09-09 08:00:00+00:00,2523.5,2528.300048828125,2519.199951171875,2526.39990234375,23139
2024-09-09 12:00:00+00:00,2526.5,2534.699951171875,2522.199951171875,2528.300048828125,45380
2024-09-09 16:00:00+00:00,2528.39990234375,2535.800048828125,2528.39990234375,2535.10009765625,24353
2024-09-09 20:00:00+00:00,2535.10009765625,2536.5,2534.39990234375,2535.60009765625,3680
2024-09-10 00:00:00+00:00,2535.699951171875,2536.300048828125,2530.39990234375,2531.300048828125,7729
2024-09-10 04:00:00+00:00,2531.39990234375,2536.199951171875,2529.60009765625,2531.800048828125,14129
2024-09-10 08:00:00+00:00,2531.699951171875,2538.699951171875,2528.89990234375,2533.5,30489
2024-09-10 12:00:00+00:00,2533.5,2547.5,2529.699951171875,2541.60009765625,62469
2024-09-10 16:00:00+00:00,2541.699951171875,2546.60009765625,2539.60009765625,2546.39990234375,31868
2024-09-10 20:00:00+00:00,2546.300048828125,2547.800048828125,2544.89990234375,2547.60009765625,2964
2024-09-11 00:00:00+00:00,2547.5,2552.0,2543.60009765625,2548.199951171875,13729
2024-09-11 04:00:00+00:00,2548.300048828125,2558.0,2547.300048828125,2550.60009765625,24518
2024-09-11 08:00:00+00:00,2550.60009765625,2556.199951171875,2548.800048828125,2551.0,23103
2024-09-11 12:00:00+00:00,2551.0,2553.5,2529.0,2543.60009765625,89781
2024-09-11 16:00:00+00:00,2543.5,2549.0,2538.300048828125,2541.5,33743
2024-09-11 20:00:00+00:00,2541.60009765625,2542.39990234375,2539.5,2539.60009765625,2629
2024-09-12 00:00:00+00:00,2539.60009765625,2543.89990234375,2538.699951171875,2543.60009765625,5959
2024-09-12 04:00:00+00:00,2543.800048828125,2550.0,2542.199951171875,2543.800048828125,13408
2024-09-12 08:00:00+00:00,2543.800048828125,2549.0,2540.89990234375,2547.39990234375,27415
2024-09-12 12:00:00+00:00,2547.60009765625,2583.60009765625,2546.5,2581.699951171875,127938
2024-09-12 16:00:00+00:00,2581.800048828125,2587.699951171875,2573.39990234375,2586.199951171875,42038
2024-09-12 20:00:00+00:00,2586.199951171875,2588.5,2585.0,2586.800048828125,5523
2024-09-13 00:00:00+00:00,2586.800048828125,2598.300048828125,2585.10009765625,2595.800048828125,18168
2024-09-13 04:00:00+00:00,2596.10009765625,2599.199951171875,2591.39990234375,2597.699951171875,20321
2024-09-13 08:00:00+00:00,2597.800048828125,2601.0,2591.39990234375,2595.0,23997
2024-09-13 12:00:00+00:00,2595.199951171875,2611.699951171875,2593.800048828125,2610.300048828125,64620
2024-09-13 16:00:00+00:00,2610.39990234375,2614.60009765625,2606.800048828125,2611.0,29096
2024-09-13 20:00:00+00:00,2610.800048828125,2611.199951171875,2605.699951171875,2606.199951171875,3150
2024-09-15 20:00:00+00:00,2608.0,2608.699951171875,2605.5,2607.0,4651
2024-09-16 00:00:00+00:00,2606.89990234375,2616.60009765625,2606.800048828125,2614.199951171875,9480
2024-09-16 04:00:00+00:00,2614.199951171875,2617.39990234375,2607.199951171875,2609.800048828125,17396
2024-09-16 08:00:00+00:00,2609.89990234375,2616.199951171875,2602.5,2610.5,23916
2024-09-16 12:00:00+00:00,2610.60009765625,2616.800048828125,2603.699951171875,2607.39990234375,46074
2024-09-16 16:00:00+00:00,2607.5,2611.699951171875,2607.10009765625,2609.89990234375,15145
2024-09-16 20:00:00+00:00,2609.89990234375,2611.0,2609.199951171875,2610.800048828125,2297
2024-09-17 00:00:00+00:00,2610.699951171875,2612.699951171875,2604.10009765625,2604.199951171875,11649
2024-09-17 04:00:00+00:00,2604.39990234375,2613.699951171875,2601.199951171875,2610.699951171875,16453
2024-09-17 08:00:00+00:00,2610.699951171875,2611.0,2596.89990234375,2606.89990234375,33211
2024-09-17 12:00:00+00:00,2607.10009765625,2609.5,2588.39990234375,2592.39990234375,62349
2024-09-17 16:00:00+00:00,2592.5,2598.39990234375,2587.300048828125,2595.39990234375,25800
2024-09-17 20:00:00+00:00,2595.39990234375,2600.60009765625,2594.89990234375,2600.300048828125,3184
2024-09-18 00:00:00+00:00,2600.199951171875,2602.89990234375,2596.39990234375,2602.0,12870
2024-09-18 04:00:00+00:00,2602.199951171875,2602.800048828125,2591.89990234375,2597.800048828125,15377
2024-09-18 08:00:00+00:00,2597.89990234375,2607.300048828125,2594.300048828125,2604.0,20636
2024-09-18 12:00:00+00:00,2604.10009765625,2605.39990234375,2594.5,2596.5,33909
2024-09-18 16:00:00+00:00,2596.60009765625,2627.199951171875,2572.5,2575.0,134492
2024-09-18 20:00:00+00:00,2574.800048828125,2586.699951171875,2574.199951171875,2584.10009765625,9223
2024-09-19 00:00:00+00:00,2584.199951171875,2591.60009765625,2575.300048828125,2588.89990234375,21376
2024-09-19 04:00:00+00:00,2588.800048828125,2610.0,2584.0,2609.300048828125,32480
2024-09-19 08:00:00+00:00,2610.0,2620.5,2606.39990234375,2614.699951171875,35641
2024-09-19 12:00:00+00:00,2614.60009765625,2616.5,2594.300048828125,2614.60009765625,73601
2024-09-19 16:00:00+00:00,2614.800048828125,2618.199951171875,2610.800048828125,2613.300048828125,26268
2024-09-19 20:00:00+00:00,2613.300048828125,2614.60009765625,2610.89990234375,2611.800048828125,3535
2024-09-20 00:00:00+00:00,2611.800048828125,2618.699951171875,2608.699951171875,2616.89990234375,12703
2024-09-20 04:00:00+00:00,2616.5,2635.10009765625,2616.5,2632.300048828125,30922
2024-09-20 08:00:00+00:00,2632.300048828125,2640.699951171875,2627.39990234375,2639.10009765625,29678
2024-09-20 12:00:00+00:00,2639.0,2648.60009765625,2627.5,2648.300048828125,85258
2024-09-20 16:00:00+00:00,2648.300048828125,2651.0,2642.89990234375,2646.10009765625,34821
2024-09-20 20:00:00+00:00,2646.10009765625,2647.699951171875,2644.0,2647.10009765625,2659
2024-09-22 20:00:00+00:00,2646.199951171875,2647.800048828125,2643.10009765625,2644.800048828125,2498
2024-09-23 00:00:00+00:00,2644.60009765625,2655.89990234375,2640.699951171875,2653.0,17226
2024-09-23 04:00:00+00:00,2653.10009765625,2656.10009765625,2638.60009765625,2640.0,21509
2024-09-23 08:00:00+00:00,2639.89990234375,2650.5,2639.5,2649.0,24387
2024-09-23 12:00:00+00:00,2648.89990234375,2659.800048828125,2644.5,2654.10009765625,66240
2024-09-23 16:00:00+00:00,2654.0,2655.699951171875,2650.39990234375,2651.0,26642
2024-09-23 20:00:00+00:00,2651.10009765625,2653.800048828125,2650.5,2651.10009765625,2368
2024-09-24 00:00:00+00:00,2651.0,2660.89990234375,2648.5,2659.10009765625,15247
2024-09-24 04:00:00+00:00,2658.800048828125,2664.60009765625,2647.10009765625,2653.60009765625,32196
2024-09-24 08:00:00+00:00,2653.5,2661.0,2647.89990234375,2651.10009765625,29114
2024-09-24 12:00:00+00:00,2651.10009765625,2673.699951171875,2648.0,2667.800048828125,75455
2024-09-24 16:00:00+00:00,2667.89990234375,2689.39990234375,2667.10009765625,2687.699951171875,48064
2024-09-24 20:00:00+00:00,2687.699951171875,2688.800048828125,2681.300048828125,2682.89990234375,7058
2024-09-25 00:00:00+00:00,2682.89990234375,2694.89990234375,2679.800048828125,2685.5,22985
2024-09-25 04:00:00+00:00,2685.89990234375,2686.199951171875,2674.199951171875,2681.10009765625,22321
2024-09-25 08:00:00+00:00,2681.199951171875,2682.89990234375,2677.0,2681.699951171875,19515
2024-09-25 12:00:00+00:00,2681.60009765625,2691.89990234375,2678.0,2682.10009765625,67373
2024-09-25 16:00:00+00:00,2682.199951171875,2687.300048828125,2673.39990234375,2683.800048828125,43259
2024-09-25 20:00:00+00:00,2683.89990234375,2684.300048828125,2679.60009765625,2679.800048828125,4845
2024-09-26 00:00:00+00:00,2679.89990234375,2685.699951171875,2678.5,2685.300048828125,12602
2024-09-26 04:00:00+00:00,2685.699951171875,2690.0,2681.10009765625,2687.60009765625,17432
2024-09-26 08:00:00+00:00,2687.699951171875,2708.699951171875,2687.60009765625,2705.89990234375,41769
2024-09-26 12:00:00+00:00,2706.0,2707.300048828125,2677.5,2694.199951171875,102366
2024-09-26 16:00:00+00:00,2694.199951171875,2700.89990234375,2685.89990234375,2696.60009765625,29262
2024-09-26 20:00:00+00:00,2696.60009765625,2696.89990234375,2693.699951171875,2694.89990234375,2351
2024-09-27 00:00:00+00:00,2694.89990234375,2696.39990234375,2688.5,2696.10009765625,11851
2024-09-27 04:00:00+00:00,2696.199951171875,2696.300048828125,2683.199951171875,2687.10009765625,22142
2024-09-27 08:00:00+00:00,2687.0,2691.60009765625,2680.60009765625,2688.39990234375,21580
2024-09-27 12:00:00+00:00,2688.39990234375,2696.89990234375,2666.300048828125,2672.0,86801
2024-09-27 16:00:00+00:00,2672.0,2678.5,2665.300048828125,2674.5,37318
2024-09-27 20:00:00+00:00,2674.300048828125,2682.699951171875,2673.60009765625,2680.800048828125,3759
2024-09-29 20:00:00+00:00,2680.5,2686.800048828125,2679.300048828125,2685.300048828125,5591
2024-09-30 00:00:00+00:00,2685.39990234375,2687.699951171875,2668.800048828125,2675.0,17020
2024-09-30 04:00:00+00:00,2675.0,2682.39990234375,2672.300048828125,2672.60009765625,16499
2024-09-30 08:00:00+00:00,2672.60009765625,2678.39990234375,2655.800048828125,2663.199951171875,30733
2024-09-30 12:00:00+00:00,2663.39990234375,2666.0,2650.199951171875,2655.300048828125,50073
2024-09-30 16:00:00+00:00,2655.5,2663.39990234375,2646.199951171875,2652.800048828125,34752
2024-09-30 20:00:00+00:00,2652.89990234375,2657.800048828125,2652.60009765625,2657.199951171875,3339
2024-10-01 00:00:00+00:00,2657.300048828125,2661.5,2655.39990234375,2659.300048828125,7584
2024-10-01 04:00:00+00:00,2659.199951171875,2668.89990234375,2658.699951171875,2667.0,15977
2024-10-01 08:00:00+00:00,2667.10009765625,2673.60009765625,2663.800048828125,2671.800048828125,18959
2024-10-01 12:00:00+00:00,2671.800048828125,2694.0,2669.5,2685.10009765625,97876
2024-10-01 16:00:00+00:00,2685.0,2694.699951171875,2678.89990234375,2679.89990234375,50038
2024-10-01 20:00:00+00:00,2679.89990234375,2685.300048828125,2679.199951171875,2681.199951171875,3472
2024-10-02 00:00:00+00:00,2681.199951171875,2683.199951171875,2676.0,2676.5,9380
2024-10-02 04:00:00+00:00,2676.199951171875,2677.5,2665.39990234375,2676.5,18026
2024-10-02 08:00:00+00:00,2676.60009765625,2676.89990234375,2669.10009765625,2670.60009765625,16724
2024-10-02 12:00:00+00:00,2670.699951171875,2684.800048828125,2662.10009765625,2671.300048828125,58395
2024-10-02 16:00:00+00:00,2671.199951171875,2680.10009765625,2668.39990234375,2679.800048828125,18565
2024-10-02 20:00:00+00:00,2679.800048828125,2681.39990234375,2678.800048828125,2680.300048828125,3137
2024-10-03 00:00:00+00:00,2680.39990234375,2683.39990234375,2673.699951171875,2676.60009765625,9267
2024-10-03 04:00:00+00:00,2676.199951171875,2677.89990234375,2663.699951171875,2665.5,14591
2024-10-03 08:00:00+00:00,2665.39990234375,2669.300048828125,2660.800048828125,2668.300048828125,19334
2024-10-03 12:00:00+00:00,2668.300048828125,2675.89990234375,2657.800048828125,2668.89990234375,61578
2024-10-03 16:00:00+00:00,2669.199951171875,2682.39990234375,2668.699951171875,2677.89990234375,25743
2024-10-03 20:00:00+00:00,2677.89990234375,2678.0,2673.89990234375,2675.39990234375,2195
2024-10-04 00:00:00+00:00,2675.5,2683.60009765625,2675.10009765625,2680.89990234375,6993
2024-10-04 04:00:00+00:00,2680.800048828125,2687.699951171875,2678.60009765625,2681.0,11786
2024-10-04 08:00:00+00:00,2681.10009765625,2682.60009765625,2676.60009765625,2681.39990234375,12284
2024-10-04 12:00:00+00:00,2681.300048828125,2690.60009765625,2651.60009765625,2673.39990234375,127647
2024-10-04 16:00:00+00:00,2673.39990234375,2673.89990234375,2661.800048828125,2671.60009765625,25756
2024-10-04 20:00:00+00:00,2671.5,2673.800048828125,2669.699951171875,2673.199951171875,2441
2024-10-06 20:00:00+00:00,2671.699951171875,2672.60009765625,2667.89990234375,2669.60009765625,2691
2024-10-07 00:00:00+00:00,2669.699951171875,2671.5,2663.0,2666.300048828125,9074
2024-10-07 04:00:00+00:00,2666.800048828125,2672.5,2659.0,2671.800048828125,14840
2024-10-07 08:00:00+00:00,2671.60009765625,2679.199951171875,2670.0,2676.60009765625,19637
2024-10-07 12:00:00+00:00,2676.60009765625,2679.10009765625,2657.300048828125,2665.199951171875,59877
2024-10-07 16:00:00+00:00,2665.199951171875,2668.300048828125,2658.800048828125,2662.800048828125,19048
2024-10-07 20:00:00+00:00,2662.699951171875,2668.199951171875,2660.89990234375,2662.10009765625,2982
2024-10-08 00:00:00+00:00,2662.10009765625,2667.300048828125,2652.699951171875,2661.800048828125,23018
2024-10-08 04:00:00+00:00,2662.0,2665.89990234375,2649.60009765625,2652.89990234375,19641
2024-10-08 08:00:00+00:00,2652.89990234375,2672.39990234375,2647.300048828125,2670.0,31321
2024-10-08 12:00:00+00:00,2670.0,2672.39990234375,2623.39990234375,2632.0,104678
2024-10-08 16:00:00+00:00,2632.0,2642.89990234375,2624.0,2641.89990234375,39236
2024-10-08 20:00:00+00:00,2641.89990234375,2642.5,2637.89990234375,2640.699951171875,4055
2024-10-09 00:00:00+00:00,2640.60009765625,2642.89990234375,2633.39990234375,2635.800048828125,13923
2024-10-09 04:00:00+00:00,2635.699951171875,2642.800048828125,2627.60009765625,2630.0,18228
2024-10-09 08:00:00+00:00,2630.0,2641.0,2628.89990234375,2637.5,22775
2024-10-09 12:00:00+00:00,2637.39990234375,2640.89990234375,2622.800048828125,2633.199951171875,57337
2024-10-09 16:00:00+00:00,2633.300048828125,2634.39990234375,2623.300048828125,2627.5,22591
2024-10-09 20:00:00+00:00,2627.60009765625,2627.89990234375,2624.800048828125,2625.39990234375,2482
2024-10-10 00:00:00+00:00,2625.60009765625,2633.800048828125,2623.10009765625,2628.89990234375,14226
2024-10-10 04:00:00+00:00,2628.89990234375,2634.300048828125,2627.39990234375,2633.89990234375,11272
2024-10-10 08:00:00+00:00,2633.800048828125,2635.89990234375,2628.0,2630.0,15344
2024-10-10 12:00:00+00:00,2630.10009765625,2647.199951171875,2618.800048828125,2640.699951171875,101464
2024-10-10 16:00:00+00:00,2640.800048828125,2648.800048828125,2633.199951171875,2646.5,43502
2024-10-10 20:00:00+00:00,2646.60009765625,2653.199951171875,2645.300048828125,2650.60009765625,7126
2024-10-11 00:00:00+00:00,2650.5,2663.10009765625,2649.5,2662.5,23509
2024-10-11 04:00:00+00:00,2662.800048828125,2664.89990234375,2655.199951171875,2662.60009765625,19932
2024-10-11 08:00:00+00:00,2662.39990234375,2663.300048828125,2653.199951171875,2661.699951171875,19507
2024-10-11 12:00:00+00:00,2661.60009765625,2676.800048828125,2657.699951171875,2676.300048828125,58436
2024-10-11 16:00:00+00:00,2676.39990234375,2679.0,2672.10009765625,2672.89990234375,33570
2024-10-11 20:00:00+00:00,2673.10009765625,2674.5,2671.5,2674.199951171875,1920
2024-10-13 20:00:00+00:00,2673.10009765625,2673.800048828125,2660.89990234375,2664.699951171875,5962
2024-10-14 00:00:00+00:00,2664.800048828125,2674.39990234375,2660.0,2672.60009765625,16793
2024-10-14 04:00:00+00:00,2672.5,2684.199951171875,2672.10009765625,2677.39990234375,18554
2024-10-14 08:00:00+00:00,2677.39990234375,2680.0,2668.0,2669.199951171875,17976
2024-10-14 12:00:00+00:00,2669.0,2678.300048828125,2660.60009765625,2663.5,44847
2024-10-14 16:00:00+00:00,2663.5,2669.5,2662.60009765625,2669.300048828125,13736
2024-10-14 20:00:00+00:00,2669.300048828125,2670.199951171875,2662.699951171875,2665.800048828125,4342
2024-10-15 00:00:00+00:00,2665.800048828125,2669.300048828125,2660.800048828125,2661.800048828125,12044
2024-10-15 04:00:00+00:00,2662.0,2670.60009765625,2654.39990234375,2667.39990234375,22548
2024-10-15 08:00:00+00:00,2667.39990234375,2673.300048828125,2662.300048828125,2664.5,19208
2024-10-15 12:00:00+00:00,2664.5,2682.0,2662.800048828125,2681.300048828125,68694
2024-10-15 16:00:00+00:00,2681.39990234375,2685.89990234375,2675.60009765625,2678.300048828125,27939
2024-10-15 20:00:00+00:00,2678.39990234375,2679.89990234375,2676.699951171875,2676.800048828125,2823
2024-10-16 00:00:00+00:00,2676.699951171875,2686.39990234375,2674.89990234375,2683.39990234375,12736
2024-10-16 04:00:00+00:00,2683.60009765625,2694.199951171875,2682.0,2692.5,20985
2024-10-16 08:00:00+00:00,2692.60009765625,2699.39990234375,2689.699951171875,2694.800048828125,26169
2024-10-16 12:00:00+00:00,2694.699951171875,2702.5,2684.0,2686.300048828125,70705
2024-10-16 16:00:00+00:00,2686.300048828125,2693.199951171875,2683.10009765625,2691.0,17925
2024-10-16 20:00:00+00:00,2691.199951171875,2691.39990234375,2688.800048828125,2689.699951171875,1599
2024-10-17 00:00:00+00:00,2689.800048828125,2700.60009765625,2689.699951171875,2692.5,17524
2024-10-17 04:00:00+00:00,2692.300048828125,2701.39990234375,2691.89990234375,2697.199951171875,22388
2024-10-17 08:00:00+00:00,2697.199951171875,2704.199951171875,2692.0,2696.89990234375,24876
2024-10-17 12:00:00+00:00,2697.0,2712.699951171875,2688.199951171875,2709.0,83493
2024-10-17 16:00:00+00:00,2708.89990234375,2709.699951171875,2699.5,2707.199951171875,23814
2024-10-17 20:00:00+00:00,2707.300048828125,2709.5,2706.199951171875,2708.89990234375,2300
2024-10-18 00:00:00+00:00,2708.89990234375,2727.199951171875,2708.10009765625,2725.199951171875,25545
2024-10-18 04:00:00+00:00,2725.10009765625,2729.300048828125,2717.60009765625,2717.60009765625,23159
2024-10-18 08:00:00+00:00,2717.699951171875,2728.5,2716.89990234375,2725.10009765625,25745
2024-10-18 12:00:00+00:00,2725.199951171875,2735.5,2720.199951171875,2730.0,66608
2024-10-18 16:00:00+00:00,2730.0,2736.699951171875,2728.699951171875,2734.89990234375,25408
2024-10-18 20:00:00+00:00,2734.89990234375,2737.800048828125,2734.300048828125,2736.5,3029
2024-10-20 20:00:00+00:00,2736.300048828125,2740.199951171875,2734.60009765625,2738.60009765625,4236
2024-10-21 00:00:00+00:00,2738.699951171875,2747.800048828125,2735.89990234375,2746.699951171875,21146
2024-10-21 04:00:00+00:00,2746.60009765625,2747.39990234375,2738.60009765625,2745.5,17640
2024-10-21 08:00:00+00:00,2745.39990234375,2752.800048828125,2742.699951171875,2749.39990234375,35002
2024-10-21 12:00:00+00:00,2749.5,2755.39990234375,2731.39990234375,2734.800048828125,93172
2024-10-21 16:00:00+00:00,2734.60009765625,2740.199951171875,2728.5,2734.699951171875,28995
2024-10-21 20:00:00+00:00,2734.699951171875,2737.10009765625,2733.5,2735.800048828125,3167
2024-10-22 00:00:00+00:00,2735.800048828125,2747.5,2735.0,2745.699951171875,14404
2024-10-22 04:00:00+00:00,2745.199951171875,2751.60009765625,2743.5,2747.89990234375,16800
2024-10-22 08:00:00+00:00,2747.699951171875,2753.699951171875,2743.800048828125,2746.5,27108
2024-10-22 12:00:00+00:00,2746.5,2758.699951171875,2746.0,2752.199951171875,68470
2024-10-22 16:00:00+00:00,2752.10009765625,2763.199951171875,2751.800048828125,2762.800048828125,31956
2024-10-22 20:00:00+00:00,2762.800048828125,2763.300048828125,2759.800048828125,2760.60009765625,4455
2024-10-23 00:00:00+00:00,2760.60009765625,2761.39990234375,2752.10009765625,2760.199951171875,16508
2024-10-23 04:00:00+00:00,2760.300048828125,2769.699951171875,2759.199951171875,2769.0,19484
2024-10-23 08:00:00+00:00,2768.89990234375,2772.60009765625,2763.0,2763.89990234375,23213
2024-10-23 12:00:00+00:00,2763.89990234375,2764.5,2722.10009765625,2735.39990234375,111952
2024-10-23 16:00:00+00:00,2735.39990234375,2736.89990234375,2725.39990234375,2729.699951171875,28288
2024-10-23 20:00:00+00:00,2729.699951171875,2734.699951171875,2727.699951171875,2734.0,3558
2024-10-24 00:00:00+00:00,2733.89990234375,2739.89990234375,2730.5,2736.0,14438
2024-10-24 04:00:00+00:00,2736.0,2749.89990234375,2735.800048828125,2746.300048828125,20889
2024-10-24 08:00:00+00:00,2746.39990234375,2752.5,2745.199951171875,2751.199951171875,18208
2024-10-24 12:00:00+00:00,2751.199951171875,2756.300048828125,2735.10009765625,2743.89990234375,75030
2024-10-24 16:00:00+00:00,2744.0,2750.699951171875,2738.60009765625,2749.699951171875,26589
2024-10-24 20:00:00+00:00,2749.800048828125,2749.89990234375,2745.800048828125,2746.0,3031
2024-10-25 00:00:00+00:00,2746.10009765625,2747.800048828125,2737.0,2738.39990234375,11687
2024-10-25 04:00:00+00:00,2738.699951171875,2745.0,2736.5,2739.0,13864
2024-10-25 08:00:00+00:00,2739.10009765625,2741.800048828125,2729.10009765625,2736.60009765625,30658
2024-10-25 12:00:00+00:00,2736.39990234375,2754.39990234375,2735.60009765625,2749.89990234375,53655
2024-10-25 16:00:00+00:00,2749.699951171875,2757.800048828125,2746.699951171875,2755.300048828125,27165
2024-10-25 20:00:00+00:00,2755.300048828125,2760.89990234375,2755.199951171875,2760.800048828125,4616
2024-10-27 20:00:00+00:00,2749.199951171875,2752.5,2742.0,2748.0,9818
2024-10-28 00:00:00+00:00,2747.89990234375,2748.699951171875,2736.89990234375,2742.300048828125,16527
2024-10-28 04:00:00+00:00,2741.89990234375,2756.60009765625,2741.300048828125,2751.39990234375,22412
2024-10-28 08:00:00+00:00,2751.39990234375,2753.39990234375,2740.10009765625,2744.5,28568
2024-10-28 12:00:00+00:00,2744.39990234375,2758.300048828125,2743.5,2753.300048828125,55669
2024-10-28 16:00:00+00:00,2753.0,2757.5,2752.300048828125,2754.699951171875,19644
2024-10-28 20:00:00+00:00,2754.89990234375,2756.39990234375,2752.0,2756.199951171875,2582
2024-10-29 00:00:00+00:00,2756.39990234375,2770.199951171875,2755.300048828125,2763.800048828125,22826
2024-10-29 04:00:00+00:00,2763.60009765625,2768.800048828125,2761.10009765625,2764.300048828125,13418
2024-10-29 08:00:00+00:00,2764.5,2768.800048828125,2757.89990234375,2764.0,31118
2024-10-29 12:00:00+00:00,2764.0,2784.0,2760.39990234375,2776.300048828125,87220
2024-10-29 16:00:00+00:00,2776.300048828125,2787.300048828125,2776.199951171875,2784.60009765625,37546
2024-10-29 20:00:00+00:00,2784.60009765625,2788.0,2784.300048828125,2787.300048828125,3582
2024-10-30 00:00:00+00:00,2787.5,2794.39990234375,2787.199951171875,2791.199951171875,17169
2024-10-30 04:00:00+00:00,2791.199951171875,2801.699951171875,2789.39990234375,2794.300048828125,20109
2024-10-30 08:00:00+00:00,2794.300048828125,2798.5,2790.0,2790.300048828125,23479
2024-10-30 12:00:00+00:00,2790.199951171875,2799.5,2782.39990234375,2796.60009765625,86290
2024-10-30 16:00:00+00:00,2796.39990234375,2801.800048828125,2794.699951171875,2799.0,30533
2024-10-30 20:00:00+00:00,2799.0,2799.699951171875,2796.10009765625,2796.39990234375,2987
2024-10-31 00:00:00+00:00,2796.5,2800.800048828125,2794.699951171875,2795.60009765625,12175
2024-10-31 04:00:00+00:00,2795.800048828125,2797.699951171875,2789.0,2792.800048828125,20386
2024-10-31 08:00:00+00:00,2792.699951171875,2793.89990234375,2784.0,2790.39990234375,29426
2024-10-31 12:00:00+00:00,2790.39990234375,2792.89990234375,2742.60009765625,2750.699951171875,120139
2024-10-31 16:00:00+00:00,2752.199951171875,2760.0,2748.199951171875,2756.60009765625,40867
2024-10-31 20:00:00+00:00,2756.60009765625,2758.39990234375,2753.60009765625,2756.5,3801
2024-11-01 00:00:00+00:00,2756.60009765625,2761.60009765625,2754.5,2761.199951171875,13326
2024-11-01 04:00:00+00:00,2761.39990234375,2766.89990234375,2756.800048828125,2759.5,14538
2024-11-01 08:00:00+00:00,2759.300048828125,2765.199951171875,2754.800048828125,2762.699951171875,20928
2024-11-01 12:00:00+00:00,2762.699951171875,2772.39990234375,2749.39990234375,2754.39990234375,85377
2024-11-01 16:00:00+00:00,2754.39990234375,2755.800048828125,2742.60009765625,2743.800048828125,30440
2024-11-01 20:00:00+00:00,2743.89990234375,2746.699951171875,2743.0,2745.89990234375,2988
2024-11-03 20:00:00+00:00,2743.5,2749.5,2739.39990234375,2747.39990234375,4706
2024-11-04 00:00:00+00:00,2747.60009765625,2751.89990234375,2744.5,2750.300048828125,11373
2024-11-04 04:00:00+00:00,2750.300048828125,2754.0,2744.199951171875,2745.0,14098
2024-11-04 08:00:00+00:00,2745.0,2754.39990234375,2740.699951171875,2749.89990234375,26174
2024-11-04 12:00:00+00:00,2749.699951171875,2757.5,2747.0,2748.0,46965
2024-11-04 16:00:00+00:00,2747.89990234375,2749.199951171875,2741.0,2747.699951171875,30256
2024-11-04 20:00:00+00:00,2747.60009765625,2748.10009765625,2744.800048828125,2744.800048828125,3034
2024-11-05 00:00:00+00:00,2744.800048828125,2745.39990234375,2733.39990234375,2744.10009765625,17427
2024-11-05 04:00:00+00:00,2744.10009765625,2750.199951171875,2740.300048828125,2745.300048828125,13263
2024-11-05 08:00:00+00:00,2745.39990234375,2754.10009765625,2741.0,2750.699951171875,25499
2024-11-05 12:00:00+00:00,2750.89990234375,2759.5,2742.199951171875,2751.39990234375,52098
2024-11-05 16:00:00+00:00,2751.5,2754.0,2745.5,2749.89990234375,32250
2024-11-05 20:00:00+00:00,2750.0,2755.199951171875,2749.10009765625,2754.39990234375,4076
2024-11-06 00:00:00+00:00,2754.5,2758.800048828125,2738.800048828125,2743.0,47804
2024-11-06 04:00:00+00:00,2743.199951171875,2752.5,2709.800048828125,2734.5,62052
2024-11-06 08:00:00+00:00,2734.39990234375,2742.800048828125,2704.39990234375,2707.800048828125,40756
2024-11-06 12:00:00+00:00,2707.60009765625,2716.89990234375,2660.699951171875,2684.60009765625,146579
2024-11-06 16:00:00+00:00,2684.699951171875,2687.0,2670.10009765625,2675.699951171875,44128
2024-11-06 20:00:00+00:00,2675.699951171875,2676.199951171875,2666.5,2671.300048828125,7455
2024-11-07 00:00:00+00:00,2671.300048828125,2671.5,2652.800048828125,2666.199951171875,29504
2024-11-07 04:00:00+00:00,2666.10009765625,2674.699951171875,2659.5,2670.10009765625,21999
2024-11-07 08:00:00+00:00,2670.199951171875,2675.199951171875,2664.300048828125,2673.300048828125,30061
2024-11-07 12:00:00+00:00,2673.199951171875,2707.800048828125,2671.300048828125,2706.10009765625,86550
2024-11-07 16:00:00+00:00,2706.0,2707.800048828125,2694.60009765625,2701.60009765625,76122
2024-11-07 20:00:00+00:00,2701.699951171875,2718.300048828125,2700.0,2714.300048828125,18663
2024-11-08 00:00:00+00:00,2714.199951171875,2717.800048828125,2701.199951171875,2702.39990234375,18982
2024-11-08 04:00:00+00:00,2702.39990234375,2703.39990234375,2687.300048828125,2694.60009765625,20307
2024-11-08 08:00:00+00:00,2694.5,2702.300048828125,2688.89990234375,2699.199951171875,24728
2024-11-08 12:00:00+00:00,2699.300048828125,2711.699951171875,2690.89990234375,2695.10009765625,86192
2024-11-08 16:00:00+00:00,2694.89990234375,2696.800048828125,2690.199951171875,2694.800048828125,47912
2024-11-08 20:00:00+00:00,2694.699951171875,2696.199951171875,2690.39990234375,2691.699951171875,7508
2024-11-10 20:00:00+00:00,2692.10009765625,2693.300048828125,2686.60009765625,2692.60009765625,1938
2024-11-11 00:00:00+00:00,2692.800048828125,2693.39990234375,2673.10009765625,2677.199951171875,20357
2024-11-11 04:00:00+00:00,2677.0,2681.300048828125,2673.5,2676.300048828125,14619
2024-11-11 08:00:00+00:00,2676.300048828125,2682.60009765625,2665.800048828125,2669.199951171875,26946
2024-11-11 12:00:00+00:00,2669.300048828125,2669.89990234375,2619.800048828125,2621.10009765625,126862
2024-11-11 16:00:00+00:00,2621.199951171875,2627.300048828125,2617.10009765625,2625.800048828125,54570
2024-11-11 20:00:00+00:00,2625.89990234375,2632.800048828125,2625.60009765625,2630.199951171875,9013
2024-11-12 00:00:00+00:00,2630.300048828125,2633.39990234375,2624.89990234375,2625.0,14758
2024-11-12 04:00:00+00:00,2624.89990234375,2625.300048828125,2601.699951171875,2604.60009765625,34940
2024-11-12 08:00:00+00:00,2604.800048828125,2612.89990234375,2595.699951171875,2604.10009765625,41523
2024-11-12 12:00:00+00:00,2604.10009765625,2624.10009765625,2603.699951171875,2604.800048828125,94399
2024-11-12 16:00:00+00:00,2605.0,2610.0,2598.800048828125,2604.699951171875,58873
2024-11-12 20:00:00+00:00,2604.60009765625,2607.60009765625,2601.60009765625,2604.699951171875,7019
2024-11-13 00:00:00+00:00,2604.89990234375,2619.10009765625,2603.89990234375,2617.300048828125,21980
2024-11-13 04:00:00+00:00,2617.5,2618.199951171875,2609.300048828125,2612.0,14787
2024-11-13 08:00:00+00:00,2612.10009765625,2617.699951171875,2606.699951171875,2616.699951171875,27765
2024-11-13 12:00:00+00:00,2616.800048828125,2625.0,2599.300048828125,2611.300048828125,82698
2024-11-13 16:00:00+00:00,2611.300048828125,2612.0,2583.300048828125,2586.89990234375,73706
2024-11-13 20:00:00+00:00,2586.800048828125,2587.0,2573.60009765625,2575.0,13821
2024-11-14 00:00:00+00:00,2575.199951171875,2579.0,2563.800048828125,2565.300048828125,27044
2024-11-14 04:00:00+00:00,2565.199951171875,2569.89990234375,2555.10009765625,2561.89990234375,30068
2024-11-14 08:00:00+00:00,2561.800048828125,2565.199951171875,2541.5,2558.699951171875,47916
2024-11-14 12:00:00+00:00,2558.89990234375,2578.199951171875,2555.10009765625,2575.39990234375,79941
2024-11-14 16:00:00+00:00,2575.60009765625,2582.699951171875,2572.39990234375,2581.39990234375,42309
2024-11-14 20:00:00+00:00,2581.39990234375,2582.0,2569.0,2571.800048828125,15654
2024-11-15 00:00:00+00:00,2571.89990234375,2576.5,2567.60009765625,2572.5,11783
2024-11-15 04:00:00+00:00,2572.39990234375,2574.300048828125,2558.89990234375,2568.199951171875,14331
2024-11-15 08:00:00+00:00,2568.10009765625,2578.0,2565.10009765625,2575.300048828125,22550
2024-11-15 12:00:00+00:00,2575.300048828125,2580.800048828125,2565.300048828125,2575.60009765625,68117
2024-11-15 16:00:00+00:00,2575.60009765625,2578.10009765625,2563.699951171875,2568.199951171875,39919
2024-11-15 20:00:00+00:00,2568.199951171875,2568.5,2563.89990234375,2567.39990234375,5542
2024-11-17 20:00:00+00:00,2571.5,2580.0,2568.5,2575.89990234375,4922
2024-11-18 00:00:00+00:00,2575.800048828125,2601.89990234375,2574.39990234375,2594.39990234375,32505
2024-11-18 04:00:00+00:00,2594.39990234375,2597.699951171875,2584.89990234375,2587.10009765625,15718
2024-11-18 08:00:00+00:00,2587.0,2601.800048828125,2586.300048828125,2598.800048828125,28938
2024-11-18 12:00:00+00:00,2598.5,2617.60009765625,2594.699951171875,2617.199951171875,63206
2024-11-18 16:00:00+00:00,2617.300048828125,2619.5,2611.60009765625,2614.0,32220
2024-11-18 20:00:00+00:00,2614.0,2617.10009765625,2612.39990234375,2616.60009765625,7325
2024-11-19 00:00:00+00:00,2616.699951171875,2629.699951171875,2615.0,2628.5,20959
2024-11-19 04:00:00+00:00,2628.39990234375,2630.60009765625,2621.39990234375,2622.89990234375,14931
2024-11-19 08:00:00+00:00,2622.699951171875,2640.60009765625,2622.5,2633.199951171875,46838
2024-11-19 12:00:00+00:00,2633.199951171875,2643.39990234375,2624.5,2628.199951171875,75943
2024-11-19 16:00:00+00:00,2628.5,2637.0,2626.0,2634.5,28292
2024-11-19 20:00:00+00:00,2634.5,2638.39990234375,2634.0,2638.0,5400
2024-11-20 00:00:00+00:00,2638.0,2645.300048828125,2637.39990234375,2641.199951171875,14351
2024-11-20 04:00:00+00:00,2641.199951171875,2642.0,2624.199951171875,2624.60009765625,19566
2024-11-20 08:00:00+00:00,2624.5,2631.5,2621.89990234375,2631.39990234375,29744
2024-11-20 12:00:00+00:00,2631.39990234375,2652.60009765625,2630.300048828125,2652.39990234375,67246
2024-11-20 16:00:00+00:00,2652.39990234375,2659.0,2648.800048828125,2654.39990234375,35643
2024-11-20 20:00:00+00:00,2654.39990234375,2655.5,2650.699951171875,2654.60009765625,5390
2024-11-21 00:00:00+00:00,2654.800048828125,2663.300048828125,2653.10009765625,2659.39990234375,15248
2024-11-21 04:00:00+00:00,2659.5,2667.199951171875,2657.10009765625,2665.5,14223
2024-11-21 08:00:00+00:00,2665.39990234375,2676.199951171875,2664.300048828125,2674.10009765625,32048
2024-11-21 12:00:00+00:00,2674.300048828125,2674.39990234375,2662.800048828125,2670.39990234375,60602
2024-11-21 16:00:00+00:00,2670.300048828125,2676.5,2663.60009765625,2672.300048828125,39767
2024-11-21 20:00:00+00:00,2672.300048828125,2674.39990234375,2670.10009765625,2671.10009765625,10934
2024-11-22 00:00:00+00:00,2671.300048828125,2692.89990234375,2670.800048828125,2688.60009765625,19354
2024-11-22 04:00:00+00:00,2688.60009765625,2701.800048828125,2685.10009765625,2699.10009765625,21102
2024-11-22 08:00:00+00:00,2699.199951171875,2712.39990234375,2695.800048828125,2701.10009765625,45965
2024-11-22 12:00:00+00:00,2701.0,2707.5,2686.39990234375,2706.0,73576
2024-11-22 16:00:00+00:00,2706.10009765625,2713.699951171875,2703.10009765625,2710.300048828125,40120
2024-11-22 20:00:00+00:00,2710.300048828125,2718.5,2707.199951171875,2718.199951171875,9562
2024-11-24 20:00:00+00:00,2716.89990234375,2723.199951171875,2690.0,2721.60009765625,7682
2024-11-25 00:00:00+00:00,2721.5,2721.89990234375,2661.0,2674.0,41693
2024-11-25 04:00:00+00:00,2674.0,2678.10009765625,2660.0,2669.39990234375,28830
2024-11-25 08:00:00+00:00,2669.199951171875,2690.300048828125,2668.699951171875,2688.39990234375,31216
2024-11-25 12:00:00+00:00,2688.5,2689.5,2627.300048828125,2629.60009765625,109970
2024-11-25 16:00:00+00:00,2629.39990234375,2640.89990234375,2616.60009765625,2626.89990234375,59850
2024-11-25 20:00:00+00:00,2626.89990234375,2630.0,2605.300048828125,2610.5,10746
2024-11-26 00:00:00+00:00,2610.699951171875,2632.60009765625,2608.800048828125,2630.5,17301
2024-11-26 04:00:00+00:00,2630.199951171875,2631.60009765625,2610.89990234375,2614.199951171875,13262
2024-11-26 08:00:00+00:00,2614.199951171875,2633.60009765625,2612.800048828125,2633.5,27161
2024-11-26 12:00:00+00:00,2633.699951171875,2642.699951171875,2616.699951171875,2629.89990234375,66287
2024-11-26 16:00:00+00:00,2630.0,2631.800048828125,2619.699951171875,2628.699951171875,33580
2024-11-26 20:00:00+00:00,2628.89990234375,2634.300048828125,2628.10009765625,2632.0,3684
2024-11-27 00:00:00+00:00,2632.5,2640.800048828125,2627.199951171875,2638.300048828125,4075
2024-11-27 04:00:00+00:00,2637.89990234375,2648.800048828125,2636.800048828125,2647.39990234375,6022
2024-11-27 08:00:00+00:00,2646.800048828125,2679.10009765625,2642.10009765625,2650.699951171875,49274
2024-11-27 12:00:00+00:00,2675.89990234375,2683.39990234375,2634.5,2668.0,103285
2024-11-27 16:00:00+00:00,2667.800048828125,2669.60009765625,2634.199951171875,2659.89990234375,24615
2024-11-27 20:00:00+00:00,2659.89990234375,2664.199951171875,2634.800048828125,2661.39990234375,4315
2024-11-28 00:00:00+00:00,2661.300048828125,2662.699951171875,2620.699951171875,2654.0,15728
2024-11-28 04:00:00+00:00,2654.0,2658.199951171875,2628.800048828125,2655.300048828125,1379
2024-11-29 12:00:00+00:00,2681.5,2686.39990234375,2652.39990234375,2682.800048828125,21117
2024-11-29 16:00:00+00:00,2682.800048828125,2686.5,2658.800048828125,2684.89990234375,10641
2024-12-01 20:00:00+00:00,2673.800048828125,2678.5,2645.10009765625,2668.5,4331
2024-12-02 00:00:00+00:00,2668.800048828125,2670.300048828125,2621.699951171875,2652.199951171875,29386
2024-12-02 04:00:00+00:00,2652.300048828125,2656.300048828125,2622.5,2652.300048828125,15490
2024-12-02 08:00:00+00:00,2652.300048828125,2669.199951171875,2625.89990234375,2664.699951171875,28363
2024-12-02 12:00:00+00:00,2664.699951171875,2675.0,2638.10009765625,2665.39990234375,46439
2024-12-02 16:00:00+00:00,2665.5,2667.39990234375,2635.699951171875,2660.60009765625,25005
2024-12-02 20:00:00+00:00,2660.60009765625,2667.39990234375,2639.0,2664.699951171875,7141
2024-12-03 00:00:00+00:00,2664.89990234375,2668.300048828125,2639.199951171875,2663.199951171875,13257
2024-12-03 04:00:00+00:00,2663.10009765625,2672.800048828125,2638.199951171875,2667.300048828125,13732
2024-12-03 08:00:00+00:00,2667.199951171875,2670.89990234375,2640.199951171875,2666.199951171875,25231
2024-12-03 12:00:00+00:00,2666.0,2678.39990234375,2636.0,2663.10009765625,53020
2024-12-03 16:00:00+00:00,2663.10009765625,2671.699951171875,2638.89990234375,2663.300048828125,23942
2024-12-03 20:00:00+00:00,2663.199951171875,2666.699951171875,2641.699951171875,2664.699951171875,3782
2024-12-04 00:00:00+00:00,2664.699951171875,2670.300048828125,2639.199951171875,2666.699951171875,12742
2024-12-04 04:00:00+00:00,2666.5,2673.60009765625,2643.60009765625,2663.60009765625,12618
2024-12-04 08:00:00+00:00,2663.5,2669.60009765625,2645.60009765625,2668.10009765625,24944
2024-12-04 12:00:00+00:00,2668.10009765625,2682.0,2637.0,2679.699951171875,71999
2024-12-04 16:00:00+00:00,2679.699951171875,2680.39990234375,2650.89990234375,2676.199951171875,26741
2024-12-04 20:00:00+00:00,2676.199951171875,2676.39990234375,2672.39990234375,2673.89990234375,4513
2024-12-05 00:00:00+00:00,2674.0,2674.60009765625,2649.800048828125,2672.800048828125,9598
2024-12-05 04:00:00+00:00,2672.800048828125,2680.0,2650.0,2673.5,18722
2024-12-05 08:00:00+00:00,2673.39990234375,2676.39990234375,2644.5,2674.800048828125,18618
2024-12-05 12:00:00+00:00,2675.0,2677.89990234375,2633.199951171875,2663.5,54720
2024-12-05 16:00:00+00:00,2663.699951171875,2666.699951171875,2625.699951171875,2652.800048828125,38767
2024-12-05 20:00:00+00:00,2652.89990234375,2656.800048828125,2651.10009765625,2656.699951171875,4248
2024-12-06 00:00:00+00:00,2656.60009765625,2664.800048828125,2617.5,2662.89990234375,24545
2024-12-06 04:00:00+00:00,2663.0,2666.699951171875,2638.10009765625,2661.800048828125,20628
2024-12-06 08:00:00+00:00,2661.699951171875,2667.89990234375,2636.60009765625,2659.89990234375,22040
2024-12-06 12:00:00+00:00,2659.800048828125,2665.300048828125,2627.0,2659.5,60898
2024-12-06 16:00:00+00:00,2659.5,2663.699951171875,2635.60009765625,2656.800048828125,22829
2024-12-06 20:00:00+00:00,2656.800048828125,2658.300048828125,2633.39990234375,2654.89990234375,4746
2024-12-08 20:00:00+00:00,2665.0,2672.699951171875,2658.5,2662.39990234375,6545
2024-12-09 00:00:00+00:00,2662.199951171875,2672.89990234375,2630.800048828125,2660.60009765625,21165
2024-12-09 04:00:00+00:00,2660.5,2673.199951171875,2636.699951171875,2672.300048828125,16576
2024-12-09 08:00:00+00:00,2672.5,2682.5,2651.60009765625,2678.300048828125,28358
2024-12-09 12:00:00+00:00,2678.300048828125,2700.0,2657.10009765625,2691.199951171875,63892
2024-12-09 16:00:00+00:00,2691.10009765625,2693.5,2663.0,2682.89990234375,28372
2024-12-09 20:00:00+00:00,2682.89990234375,2684.5,2661.60009765625,2683.0,6821
2024-12-10 00:00:00+00:00,2683.0,2694.39990234375,2661.0,2692.699951171875,20036
2024-12-10 04:00:00+00:00,2692.800048828125,2696.89990234375,2665.89990234375,2686.60009765625,13502
2024-12-10 08:00:00+00:00,2686.5,2699.5,2663.60009765625,2697.0,31460
2024-12-10 12:00:00+00:00,2697.10009765625,2717.199951171875,2676.800048828125,2712.39990234375,68730
2024-12-10 16:00:00+00:00,2712.300048828125,2721.10009765625,2692.89990234375,2718.300048828125,33226
2024-12-10 20:00:00+00:00,2718.199951171875,2726.300048828125,2717.300048828125,2723.800048828125,5800
2024-12-11 00:00:00+00:00,2723.800048828125,2741.0,2701.800048828125,2737.60009765625,38666
2024-12-11 04:00:00+00:00,2737.699951171875,2740.89990234375,2700.0,2726.199951171875,43431
2024-12-11 08:00:00+00:00,2726.10009765625,2734.60009765625,2693.10009765625,2727.300048828125,30261
2024-12-11 12:00:00+00:00,2727.5,2759.699951171875,2702.10009765625,2754.699951171875,84990
2024-12-11 16:00:00+00:00,2754.800048828125,2759.0,2726.39990234375,2753.0,39960
2024-12-11 20:00:00+00:00,2753.300048828125,2755.300048828125,2728.39990234375,2753.89990234375,6748
2024-12-12 00:00:00+00:00,2753.89990234375,2761.300048828125,2743.10009765625,2748.300048828125,20105
2024-12-12 04:00:00+00:00,2748.199951171875,2752.89990234375,2744.5,2749.0,13909
2024-12-12 08:00:00+00:00,2749.0,2755.300048828125,2718.39990234375,2742.5,32189
2024-12-12 12:00:00+00:00,2742.5,2744.5,2677.39990234375,2701.5,105736
2024-12-12 16:00:00+00:00,2701.199951171875,2711.89990234375,2685.199951171875,2706.39990234375,30263
2024-12-12 20:00:00+00:00,2706.5,2707.5,2683.60009765625,2704.89990234375,4818
2024-12-13 00:00:00+00:00,2704.89990234375,2716.39990234375,2703.5,2710.300048828125,18921
2024-12-13 04:00:00+00:00,2710.300048828125,2711.199951171875,2684.800048828125,2705.300048828125,12726
2024-12-13 08:00:00+00:00,2705.199951171875,2706.39990234375,2664.0,2685.39990234375,38011
2024-12-13 12:00:00+00:00,2685.300048828125,2695.10009765625,2658.300048828125,2679.199951171875,63500
2024-12-13 16:00:00+00:00,2679.10009765625,2683.699951171875,2671.199951171875,2672.800048828125,27844
2024-12-13 20:00:00+00:00,2672.89990234375,2673.300048828125,2647.89990234375,2665.89990234375,10758
2024-12-15 20:00:00+00:00,2668.0,2670.800048828125,2666.199951171875,2669.300048828125,2590
2024-12-16 00:00:00+00:00,2669.199951171875,2674.10009765625,2661.39990234375,2671.699951171875,14241
2024-12-16 04:00:00+00:00,2671.699951171875,2674.39990234375,2667.60009765625,2672.199951171875,9592
2024-12-16 08:00:00+00:00,2672.300048828125,2683.300048828125,2657.10009765625,2682.5,24061
2024-12-16 12:00:00+00:00,2682.39990234375,2683.39990234375,2662.5,2672.800048828125,36065
2024-12-16 16:00:00+00:00,2672.800048828125,2674.199951171875,2651.0,2669.89990234375,18830
2024-12-16 20:00:00+00:00,2669.800048828125,2671.0,2651.800048828125,2668.39990234375,4100
2024-12-17 00:00:00+00:00,2668.5,2675.800048828125,2651.89990234375,2670.800048828125,11296
2024-12-17 04:00:00+00:00,2670.699951171875,2673.39990234375,2663.699951171875,2670.39990234375,13373
2024-12-17 08:00:00+00:00,2670.199951171875,2670.199951171875,2637.199951171875,2657.199951171875,35163
2024-12-17 12:00:00+00:00,2657.10009765625,2662.0,2632.5,2654.39990234375,51980
2024-12-17 16:00:00+00:00,2654.5,2665.300048828125,2651.0,2662.0,20632
2024-12-17 20:00:00+00:00,2662.0,2664.10009765625,2659.89990234375,2663.60009765625,4250
2024-12-18 00:00:00+00:00,2663.699951171875,2667.60009765625,2660.10009765625,2660.5,8794
2024-12-18 04:00:00+00:00,2660.39990234375,2664.60009765625,2657.300048828125,2659.5,9027
2024-12-18 08:00:00+00:00,2658.5,2665.5,2657.300048828125,2661.800048828125,13529
2024-12-18 12:00:00+00:00,2661.699951171875,2664.10009765625,2649.60009765625,2654.800048828125,34772
2024-12-18 16:00:00+00:00,2654.800048828125,2656.199951171875,2618.89990234375,2619.5,51615
2024-12-18 20:00:00+00:00,2619.39990234375,2624.60009765625,2596.699951171875,2601.5,30351
2024-12-19 00:00:00+00:00,2601.699951171875,2630.0,2601.39990234375,2623.10009765625,28093
2024-12-19 04:00:00+00:00,2623.39990234375,2635.89990234375,2616.10009765625,2630.10009765625,23107
2024-12-19 08:00:00+00:00,2630.0,2640.89990234375,2626.5,2630.89990234375,28258
2024-12-19 12:00:00+00:00,2630.800048828125,2630.89990234375,2601.0,2603.10009765625,66105
2024-12-19 16:00:00+00:00,2603.0,2616.0,2601.699951171875,2611.39990234375,27614
2024-12-19 20:00:00+00:00,2611.5,2615.5,2607.60009765625,2608.800048828125,5043
2024-12-20 00:00:00+00:00,2608.699951171875,2618.0,2603.699951171875,2612.300048828125,19851
2024-12-20 04:00:00+00:00,2612.300048828125,2621.5,2610.60009765625,2620.0,10077
2024-12-20 08:00:00+00:00,2620.10009765625,2622.300048828125,2614.800048828125,2618.39990234375,16436
2024-12-20 12:00:00+00:00,2618.39990234375,2652.699951171875,2614.39990234375,2652.10009765625,58089
2024-12-20 16:00:00+00:00,2652.199951171875,2653.800048828125,2641.199951171875,2648.0,31073
2024-12-20 20:00:00+00:00,2647.800048828125,2648.199951171875,2638.0,2640.800048828125,7218
2024-12-22 20:00:00+00:00,2639.10009765625,2641.89990234375,2638.0,2641.39990234375,1806
2024-12-23 00:00:00+00:00,2641.5,2643.0,2634.199951171875,2639.10009765625,12415
2024-12-23 04:00:00+00:00,2639.0,2646.800048828125,2638.800048828125,2643.89990234375,11217
2024-12-23 08:00:00+00:00,2643.89990234375,2646.5,2627.199951171875,2630.0,19003
2024-12-23 12:00:00+00:00,2630.199951171875,2633.89990234375,2624.0,2624.699951171875,30767
2024-12-23 16:00:00+00:00,2624.60009765625,2633.0,2623.199951171875,2626.800048828125,21616
2024-12-23 20:00:00+00:00,2626.800048828125,2631.89990234375,2624.89990234375,2629.89990234375,3786
2024-12-24 00:00:00+00:00,2629.800048828125,2634.0,2627.39990234375,2632.0,7086
2024-12-24 04:00:00+00:00,2632.0,2633.5,2631.60009765625,2633.39990234375,1853
2024-12-24 12:00:00+00:00,2628.60009765625,2632.60009765625,2624.199951171875,2626.60009765625,10024
2024-12-24 16:00:00+00:00,2626.5,2635.800048828125,2626.5,2634.199951171875,8437
2024-12-26 04:00:00+00:00,2643.800048828125,2644.0,2638.39990234375,2640.0,5622
2024-12-26 08:00:00+00:00,2640.0,2646.199951171875,2639.89990234375,2643.800048828125,8381
2024-12-26 12:00:00+00:00,2643.800048828125,2655.60009765625,2637.89990234375,2652.800048828125,27873
2024-12-26 16:00:00+00:00,2652.89990234375,2654.60009765625,2645.300048828125,2653.39990234375,20689
2024-12-26 20:00:00+00:00,2653.300048828125,2655.699951171875,2651.800048828125,2652.800048828125,3951
2024-12-27 00:00:00+00:00,2652.800048828125,2653.89990234375,2647.199951171875,2652.5,8275
2024-12-27 04:00:00+00:00,2652.39990234375,2652.60009765625,2647.300048828125,2648.800048828125,8666
2024-12-27 08:00:00+00:00,2648.699951171875,2648.699951171875,2638.300048828125,2644.199951171875,13675
2024-12-27 12:00:00+00:00,2644.10009765625,2646.5,2625.199951171875,2633.300048828125,38465
2024-12-27 16:00:00+00:00,2633.39990234375,2637.0,2629.0,2636.300048828125,16130
2024-12-27 20:00:00+00:00,2636.300048828125,2636.60009765625,2628.60009765625,2636.10009765625,5534
2024-12-29 20:00:00+00:00,2636.10009765625,2640.5,2633.60009765625,2638.699951171875,1756
2024-12-30 00:00:00+00:00,2638.89990234375,2640.699951171875,2635.39990234375,2639.89990234375,7304
2024-12-30 04:00:00+00:00,2639.800048828125,2639.800048828125,2627.60009765625,2628.89990234375,9148
2024-12-30 08:00:00+00:00,2628.800048828125,2631.699951171875,2621.300048828125,2629.5,19168
2024-12-30 12:00:00+00:00,2629.39990234375,2636.89990234375,2611.89990234375,2613.60009765625,42437
2024-12-30 16:00:00+00:00,2613.699951171875,2621.699951171875,2608.39990234375,2620.300048828125,21958
2024-12-30 20:00:00+00:00,2620.300048828125,2623.199951171875,2617.800048828125,2620.199951171875,3361
2024-12-31 00:00:00+00:00,2620.199951171875,2624.0,2615.5,2616.60009765625,6760
2024-12-31 04:00:00+00:00,2616.5,2626.5,2614.300048828125,2625.89990234375,7920
2024-12-31 08:00:00+00:00,2626.0,2629.699951171875,2622.199951171875,2623.39990234375,11486
2024-12-31 12:00:00+00:00,2623.60009765625,2641.0,2617.39990234375,2640.199951171875,26272
2024-12-31 16:00:00+00:00,2640.0,2642.0,2636.5,2637.89990234375,25871
2024-12-31 20:00:00+00:00,2637.800048828125,2639.39990234375,2636.800048828125,2639.300048828125,2520
2025-01-02 04:00:00+00:00,2645.800048828125,2648.800048828125,2643.60009765625,2647.89990234375,6878
2025-01-02 08:00:00+00:00,2648.0,2659.39990234375,2642.60009765625,2654.60009765625,23550
2025-01-02 12:00:00+00:00,2654.699951171875,2669.699951171875,2648.199951171875,2667.699951171875,54357
2025-01-02 16:00:00+00:00,2667.699951171875,2674.199951171875,2663.199951171875,2668.199951171875,34002
2025-01-02 20:00:00+00:00,2668.300048828125,2674.10009765625,2667.699951171875,2671.10009765625,5014
2025-01-03 00:00:00+00:00,2671.300048828125,2681.0,2670.300048828125,2677.39990234375,18451
2025-01-03 04:00:00+00:00,2677.10009765625,2679.39990234375,2667.89990234375,2669.60009765625,9639
2025-01-03 08:00:00+00:00,2669.60009765625,2673.5,2664.300048828125,2672.10009765625,17668
2025-01-03 12:00:00+00:00,2672.10009765625,2672.800048828125,2655.0,2657.89990234375,40284
2025-01-03 16:00:00+00:00,2657.800048828125,2661.300048828125,2652.300048828125,2653.300048828125,22131
2025-01-03 20:00:00+00:00,2653.300048828125,2654.0,2649.699951171875,2652.60009765625,5814
2025-01-05 20:00:00+00:00,2652.800048828125,2655.199951171875,2651.60009765625,2653.60009765625,1804
2025-01-06 00:00:00+00:00,2653.60009765625,2661.0,2651.199951171875,2652.199951171875,10886
2025-01-06 04:00:00+00:00,2652.199951171875,2652.89990234375,2636.60009765625,2638.699951171875,19844
2025-01-06 08:00:00+00:00,2638.60009765625,2663.800048828125,2637.5,2659.39990234375,27067
2025-01-06 12:00:00+00:00,2659.39990234375,2661.699951171875,2624.60009765625,2645.5,75458
2025-01-06 16:00:00+00:00,2644.300048828125,2652.699951171875,2643.39990234375,2645.60009765625,23535
2025-01-06 20:00:00+00:00,2645.5,2647.800048828125,2643.699951171875,2645.10009765625,3551
2025-01-07 00:00:00+00:00,2645.300048828125,2652.10009765625,2643.5,2650.699951171875,9017
2025-01-07 04:00:00+00:00,2650.5,2657.60009765625,2647.699951171875,2652.199951171875,10608
2025-01-07 08:00:00+00:00,2652.10009765625,2659.89990234375,2651.199951171875,2659.60009765625,14983
2025-01-07 12:00:00+00:00,2659.699951171875,2678.5,2653.800048828125,2661.0,85484
2025-01-07 16:00:00+00:00,2661.10009765625,2670.39990234375,2659.89990234375,2663.699951171875,28278
2025-01-07 20:00:00+00:00,2663.800048828125,2666.0,2661.60009765625,2663.800048828125,4497
2025-01-08 00:00:00+00:00,2663.800048828125,2666.199951171875,2659.300048828125,2660.10009765625,8518
2025-01-08 04:00:00+00:00,2660.0,2668.5,2658.39990234375,2666.39990234375,9018
2025-01-08 08:00:00+00:00,2666.39990234375,2669.300048828125,2660.300048828125,2664.10009765625,20001
2025-01-08 12:00:00+00:00,2664.10009765625,2683.89990234375,2658.89990234375,2681.5,70324
2025-01-08 16:00:00+00:00,2681.300048828125,2687.0,2665.300048828125,2674.60009765625,58166
2025-01-08 20:00:00+00:00,2674.800048828125,2681.5,2674.699951171875,2679.199951171875,6316
2025-01-09 00:00:00+00:00,2679.199951171875,2680.89990234375,2674.300048828125,2678.0,8991
2025-01-09 04:00:00+00:00,2678.0,2683.89990234375,2673.699951171875,2678.89990234375,10866
2025-01-09 08:00:00+00:00,2678.800048828125,2690.699951171875,2676.89990234375,2687.300048828125,31263
2025-01-09 12:00:00+00:00,2687.300048828125,2696.800048828125,2686.0,2687.5,41280
2025-01-09 16:00:00+00:00,2687.5,2693.5,2681.800048828125,2691.300048828125,37470
2025-01-09 20:00:00+00:00,2691.300048828125,2693.800048828125,2690.60009765625,2693.300048828125,2724
2025-01-10 00:00:00+00:00,2693.5,2698.699951171875,2692.89990234375,2697.699951171875,9191
2025-01-10 04:00:00+00:00,2697.60009765625,2703.39990234375,2694.89990234375,2700.10009765625,13707
